Review	Sentiment
Sta reci, sem ODLICNO. Pizza je stigla vrela, veoma bogata, isto kao i palacinka. Sve pohvale! Sigurno narucujem opet.	1
Fenomenalno,pica dostavljena za 25 min i jos meka i topla.Sve pohvale,samo tako nastavite	1
Klopa je odlicna, dostava brza. Narucila sam porodicni rucak, online, i pisalo je da stize za 60 minuta. Stiglo je za 30!	1
Odlično, kao i uvek, dobro spremljeno i na vreme.	1
Pica je masna , puna nekog nekvalitetnog sira.i nikako da shvate da se prvo stavlja sir a onda dodaci...Zamolio sam da korica bude hrskava ili ni to nisu ispostovali	0
Jako lose i dostava duza od obecanja!	0
Porucili smo pizzu koja nam je nakon 60min stigla hladna...	0
Najsuvlja lepinja ikad. pomfrit jako tvrd a ni meso nije bas najbolje. Bar je dostava bila i pre vremena ali ne znam da li bi narucio opet, mora to i moze mnogo bolje...	0
Sve pohvale	1
Narucujem maltene svaki dan - izuzetna usluga, vrhunska hrana (preporuka za paste omnomnom).UUu i savrsene su palacinke!	1
Sudžuke su neke obične kobasice, ćevapi tek na tragu klasičnog kafanskog ćevapa... Preskupo za ono što nude!	0
mislim da smo ubedljivo jedni od najcescih musterija! sta da vam kazemo, jednom kad ih isprobate, necete hteti da ih menjate :D	1
odlična pizza, najprijatnije iznenadjenje na donesi.com ikada.. samo nastavite..	1
fenomenalno ! dostava je stigla i pre vremena ! :-) svaka cast !	1
Kolenica u testu je stvarno odlicna i veoma velika prijatno smo se iznenadili. Dostava je stigala na vreme, jelo je bilo toplo.	1
Odlična hrana, brza dostava	1
Western bacon je strava, ustvari bilo koji da uzmete necete pogresiti. Brzi su isto.	1
Vreme dostave 1 h i 20 min	0
Super i brzo :)	1
Umesto za 45min kako je bilo najavljeno isporuka je trajala sat i 45min. Hrana je bila topla, pomfrit polu hladan. Samo jer je neki put da narucujem i nikad nisu ovoliko kasnili ocena je osrednja.	0
Odlicna hrana, velike porcije i brza dostava	1
Hrana je bila jako loša. Naplaćuju i ambalažu pa to je sramota... Ovde više neću jesti to je sigurno	0
Odusevljen sam cinjenicom da postoji ovako nesto kod nas. Na vreme je stiglo i zadovoljan sam!!	1
Sve preporuke, odlicno!	1
vesalica nije bila pecena	0
zaista sjajno	1
Na vreme stiglo, velika porcija, ukusno.  Sve pohvale	1
pica je vrhunska, prepuna je i vise nego dovoljna za jednu osobu.	1
Palacinke su odvratne, karadjordjeva nije bila losa i cene nisu strasne.	0
Rolnice hladne, povrce sa nudlama kombinacija pirincanih nudli i spageta... Razocarana	0
Pitu samo nisu doneli.	0
Kasnili su pola sata, na kraju nisam ni uzeo hranu.	0
teleca corba je puna mesa i vrlo ukusna, gulas odlican, prebranac cudan.	0
Pica je stigla hladna. Takodje je puna soli! Verovatno ovde vise necu porucivati!	0
mala porcija za 1100 dinara..	0
Pitice su odlicne! Gurmanska je mogla da bude malo vise ljuta, piletina je bila pretvrda i malo bljutava. Sve pohvale za caciki sos.	0
pasulj bez mnogo pasulja, nije los ukus	0
Picu necu ni da komentarisem , jedva jestiva. Ali dostavljac koji je probudio pola komsiluka u 1:30 ujutru??!! Isao covek od vrata do vrata i zvonio dok nije potrefio . . .	0
Nije ni blizu kao u Sarajevu. Stim da je najzalosniji deo, da u Saraje u sigurno ne jedu svinjetinu!!!!	0
Picerija se zove Zero-Zero, mogu reći da je naziv u skladu sa kvalitetom...	0
Teletina u sosu od ostriga, bolje receno u sosu od kupusa.  Porcija od 600 dinara bez grama pirinca.  Ali sam ukus hrane je zadovoljavajuci ali ne za ovu cenu. Sve u svemu, precenjena hrana.	0
Nije lose al moze to i bolje.pojacajte malo fil posebno pecurke.	0
Ako trazim pomfrit odvojeno od girosa, onda mi dajte pomfrit odvojeno od girosa.	0
Sve pohvale. Preporucujem.	1
Dosta jak ukus ima i debele slojeve sira, baš jako dominira i frulice od šunke su veoma jake. Bilo bi lepše da se to malo proredi da bi se osetilo još nešto.	0
preporuka kao i uvek!	0
nista specijalno	0
Ocekivao sam vise od kvaliteta hrane	0
svaka cast miletu i ko god ovo vodi	1
Zaboravili su pice koje je placeno uz porudzbinu..... neozbiljno....	0
Svaki put sve bolja hrana	1
Nisam zadovoljan uopste,usluga nije losa ali hrana ocaj.Pirosku sam narucio,testo zivo razvlaci se,prvo sam pomislio da je kackavalj a kada sam bolje pogledao zgadilo mi se...	0
odlicni sendvici, fina pica, brza dostava	1
Ja kolko znam da racunam pola sata nije isto sto i sat vremena... Usluga losa! A hrana nije daleko od usluge po kvalitetu.	0
Ukusno, povoljno i brzo!	1
pene u pesto sosu, je testo posuto sa malo persuna. mislim da su i na soli stedeli.	0
Sve sto sam jeo je i te kako valjalo!!!	1
Drugi put sam narucio kod njih, sjajni su utisci. Stigla je hrana pre vremena, dostavljac ljubazan, sve preporuke.	1
dobra klopa(lepo toplo) i nije se prosuo pepsi(ovej put) :)	1
Odlican izbor hrane, stigla topla i ukusna.	1
supeeer hrana, pohovane lignje u sečuan sosu su extra, preporučio bih svakom da proba! :)	1
Piza Margarita Parmenzan gorgonzola= Raj za one koji vole sireve!	1
Narucio sam jednu veliku i jednu malu porciju i platio tako, a dobio sam dve male. Hrana je ok.	0
Pica je bila odlicna, stigla za rekordnih 15 minuta. Sigurno cemo opet narucivati	1
pasta je super, porcije su vise nego dovoljne.	1
Da li zbog toga što su bili praznici, ali u svakom slučaju kvalitet ribe je nedopustiv.	0
klopa stigla u naznaceno vreme, toplaaaaaa i ukusnaaaa xD	1
Nije bilo lose	0
odlicni ste	1
Narucili bolonjeze dobili karbonaru... strasno..	0
Napisite tacnu  cenu dostave, da bi mogli ljudi da kalkulisu koliko je dostava, ako su bas kratki sa parama i vi im lupite cenu dostave 400 dinara i sta da rade onda ?	0
Hrana je katastrofa, bacio sam pola porcije.	0
kupus i samo kupus..	0
Izuzetno ukusna pica, veoma brza isporuka, povoljna cena	1
Vrlo ukusan juneći gulaš, lepinja sveža kao i kupus salata!	1
"Receno da stize za 45 min, stiglo za 1:55 min. Naravno sve je hladno. Dostavljac na to kaze: ""Ako mozes brze, dodji da radis kod nas druze"". Dalji komentari su bespotrebni."	0
Nisam dobio kecap uz picu. Kazu da se posebno narucuje.	0
Vise od sat vremena sam cekala,stigla hladna pica ..	0
"Jednostavno rečeno - savršeno!  Odlična obrok salata, vrhunski ukus i prava kombinacija salata  i ostalih ""sastojaka "", za svaku preporuku!!!  Isporučeno je u obećano vreme, i lepo aranžirano"	1
Vrlo ukusno, povoljno, porcije odgovarajuće, brza dostava!!	1
Obrok salata sa algama je totalni fijasko. Pica hmm... ja to ne bi tako nazvao. Bezukusno, skromno, a sastojci su loseg kvaliteta. Piletina paprika je odlican izbor za one koji vole kari.	0
Hladna klopa	0
Kao i uvek, prezadovoljan. Odlicna usluga, dostavljac jako ljubazan.	1
porcije su zaista velike sli ne bas preukusne.meso je dosta suvo i ne bas sveze.	0
Giros je gorak. Konzorcijum utvbrdio - ulje.	0
"Naručeni brusketi. 3 različite vrste. pečenica, kulen, pršuta. stigli malo pre vremena, topli, jako ukusni. nastavljamo  ""druženje"" :-D i dalje drže i cene i kvalitet. vrlo zadovoljan"	1
Doneli su mi dve slane palacinke umesto jedne slane i jedne slatka sto je poruceno. Kada sam ih zvao da vidim sta je problem dobio sam VIP govornu poštu.	0
Prijatno iznenadjenje, narucili smo tortilje i bile su odlicne, raznovrsno povrce, piletina spremnjena bas kako treba, definitivno porucujem od njih ponovo!	1
Stliglo pre vremena, pica puna ko oko, ne škrtare na sastojcima ko pojedini. Moja preporuka.	1
Brza dostava oko 30-40 min. Odlična hrana i puno mesa i ostalih sastojaka	1
LJudi ovo je vrh :)	1
Poručili smo dva njihova jela koja se iz menija. Od svega po malo, a u stvari ništa specijalno.	0
jako ukusna pizza po vrlo pristupačnoj ceni. nigde nećete naći bolju porodičnu pizzu za 600din	1
Veoma smo zadovljni restoranom i usugom	1
Stigla polu hladna i neisecena.	0
Bolje burgere nisam jeo!	1
pavlaka je bila baš kisela....nećemo  više naručivati odavde sorry :(	0
Stiglo brzo, sve toplo i ukusno. Toplo preporucujem telecu corbu, izuzetno je dobra i kvalitetna.	1
Kao i na autokomandi hrana standardno dobra, po mom skromnom misljenju najbolji kinezi kod nas, drago mi je sto ih sada ima po celom Beogradu pa mogu da narucim gde god se nalazim.	1
Isporuka je kasnila oko 45 min.	0
stiglo ta 25 min, pisalo za  45. prevelik sendvič, odlično	1
odlican 5+	1
oćemo li danas?	0
kao i uvek, sve sveze i toplo...isporuka i ispod naznacenog vremena!	1
sve preporuke stiglo je na vremen dobra hrana neba bolje	1
Meso je bilo malo zilavije ali je sve ukupno bilo vrlo dobro.	1
Fenomenalne kao i uvek !	1
narucili smo 2 palacinke i koka-kolu.koka kolu NISMO dobili,a sto se tice ovog drugog u jednoj su bile banane a nisu trebale i porcije su im male za taj novac.u svakom slucaju :(	0
pomfrit je bio neslan i nikakav. kasnili su oko 15 minuta.	0
Ponovo smo i danas zadovoljni kvalitetom hrane i usluge. Oslic fantasticno pripremljen, krompirici takodje, sve se smazalo jer je bilo ukusno i super pripremljeno :) Topla preporuka!	1
Mnogo je ukusna hrana! Topla, sveza! Sve pohvale.	1
Burger fantastičan. Palačinke sa marmeladom užasne. To nije marmelada!	0
Ako stave vec sat vremena, a posle sat i deset ih nema ni od korova, zar je uopste bitno bilo sta drugo? Jednostavno aljkavo i neprofesionalno.	0
Pica je jedna od boljih,a nema picerije u kojoj nisam narucivao..sto na poslu u gradu,sto kuci..sve pohvale.	1
troje lazanja zagorelih...ukus i kolicina porazavajuce..bacis pare i ostanes gladan...samo je cijena na nivou prvoklasnih lazanja...sramota :(	0
Klopa vrh, preukusno!Porcija ekstra!Dostavljac Car, pohvale za njega.Takodje cene su i vise nego povoljne za kolicinu porcije. Svaka preporuka. :-D	1
Preporucujem rolovano belo meso, fenomenalno je! Dostava bila brza, cak i prije nego sto je receno.	1
Odlična hrana, odlicne porcije i dostava. Toplo preporucujem sve sa bg burger sosom! :)	1
Pica je bila ok, ali ništa više od toga. Palačinke jako loše, žilave.	0
hrana ukusna i lepo spremljena, ali dobijes manje nego sto porucis. krilca i parcici piletine za malu porciju po 5 komada, dobija se tri, eventualno 4 komada.	0
Sve na svom mestu, hrana je extra! Burgerisu najbolji u bg, bar po mom misljenju.	1
Teleca corba vrlo korektna, ali zato je porcija pasulja hladna,nedovoljno kuvana i prepuna luka.Generalni utisak je da je sve malo neozbiljno.	0
Za jednu od stvari su bili pogresni dodaci i bila je u tortilji a ne u lepinji kao sto je naruceno	0
zaista niska cena za vrhunsku pizzu	1
Prvo, kasnili su pola sata u odnosu na procenjeno vreme dostave, a drugo od soja sosa nema ni s.	0
Odlicna sarma i jos bolje suvo meso u njoj. Omiljeni restoran za kuvanu hranu	1
odlicno, ukusno i kvalitetno, jedina zamerka je sto sok nije isporucen a naplacen je	1
super hrana	1
Stigli za 15 minuta :)	1
Extra brzo i super ukusno	1
Cevapi ukusni, salata super, teleca corba i somun takodje...Bas nemam ni jednu jedinu zamerku.	1
Pokvarili se.. Jako losa prsuta.. Malo sira..puno pecuraka..veliko razocarenje.	0
Podgrevan pomfrit. Bez pribora. Ne čitaju napomene. Kasne.	0
Sve pohvale na racun ovog restorana :) Odlicna hrana, brza dostava, i uvek nasmejano osoblje!	1
Uz dve pice navodno ide gratis pepsi ili palacinka ali kada su pice stigle ispostavilo se da su zaboravili da ponesu pepsi	0
Umesto za 45 doneto za 30 minuta. Pice vruce, fil solidan, testo zilavo, cini mi se polugotovo. Sve u svemu, nije lose, mada ima mnogo boljih	0
Brzo, sveže i ukusno.	1
Sve je okej samo nismo dobili ono što smo poručili... Ali je hrana super, pa vam ne zameramo toliko.	1
Bezukusna, hladna pica. Dostava je kasnila pola sata	0
Naručujemo u glavnom piletinu. Kombinacija sa nudlama je fantastična.	1
Dostava stigla na vreme, a popaj piletina je stvarno prelepa i sigurno cu naruciti opet.	1
Odlicni ste uvek!	1
Nije prvi put da narucujemo, ali hranu smo ovog puta cekali 70 min, a dobili PODGREJAN (bajat) pomfrit.	0
brza dostava i super usluga	1
sve super, dostava najbrza moguca, savrseno.	1
Porucili smd dve palacinke sa dzemom i dodacima, i jednu nutelu sa plazmom i sa visnjom. Bile su pristojne ali palacinka sa nutelom nije imala visnje, iako su narucene i naplacene	0
Vrlo azurni. Isporuka na vreme i sve je jos toplo. Hrana je vrlo dobrog kvaliteta. Sve u svemu 5+.	1
Hrana nije ni približno kao sa postavljenih slika, na slikama je prikazano skroz neko drugo testo kao .	0
Kasnilo, dostavljac neraspolozen me nazvao da sidjem pa ga nije bil 5 minuta, a sokove nisu isporucili uopste a naplaceni su. Strasno.	0
Pasta je zaista odlicna, super cene, super kolicina, dobili ste stalnu musteriju!	1
svidja mi se specijal kuce... ...provalio ga prosli put i prijatno se iznenadio, ali za drugu porudzbinu  je dosla mlaka pica i pokvarila utisak	0
Poručili smo dve obrok salate i porodičnu picu. Hrana je stigla pre naznačenog vremena, po najvaćem pljusku, topla i preukusna! Sve pohvale i sve preporuke!	1
upravo smo dobili hranu koja smrdi! nemoguce je jesti ni  pilece meso ni lepinju.	0
Toplo,ukusno i stiglo brzo	1
meso je ocajno, palacinka je hladna tvrda, nuteli ni traga, a plazma je neka modifikovana, sa ukusom turskog keksa najgoreg!!!!!!! uzas!!!!!!!!!!!!!	0
Pizza je odlicna! Dostava u Minut tacna kao sto je trazeno.	1
jednostavno nisam dobio ono sto sam ocekivao za te pare,ni kolicinski ni kvalitetom..malo ispod teskog proseka.	0
fast food bez premca, najukusnija hrana za naruciti, dresing za piletinu/burger je savrsen	1
Sasvim OK porcija, dobra priprema hrane, brza dostava.	1
Naplacena dostava 300 din. umesto 150 din. Nismo dobili ajvar kao sto pise. Nekorektno!	0
Odlicna hrana, obilna porcija!	1
Vrhunski sve, stiglo vrelo! Cak i pomfrit! I zaborave luk i ljuto...Opraštam, sigurno ponovo!	1
Naslov govori sve. Jedna od najboljih, ako ne i najbolja. Hrana je stigla brzo, osoblje je izuzetno ljubazno i pica je bila izuzetna.	1
i dalje cekam	0
Dostavljač nije umeo da pronadje adresu, bukvalno sam ga jurio po naselju. Hrana nista posebno, bar palacinke.	0
Fenomenalno!	1
Navedena besplatna dostava za porudzbine preko 750,a svejedno je naplatili iako je poruceno za iznos preko 750. Pica nije bila pecena,palacinka losa. Sve u svemu losa preporuka.	0
Odlicna pica, testo je mekano i sir je ukusan.	1
Ova pizza je kao i Djapeto savrsena i za svaku preporuku. Stiglo pre vremena, preukusno, ispostovali su zelju za malo vise pecuraka na pizzi.	1
super i brzo	1
they put so much salt to hide that they dont know how to prepare a good pizza. Nevermore	0
Kasnili su pola sata (rečeno je bilo 60 minuta, došli su za više od 90), pizza je bila hladna i neukusna (nigde traga od punjenih ivica).	0
Teleća čorba i pileće ćufte su bile odlične. Po izuzetno vrelom danu dostavljač je došao ranije, sa još uvek toplom hranom. Sigurno ću da nastavim da naručujem od njih.	1
Hrana nije loša, iako je previše začinjena. Doneta je na vreme, ali je preskupo za ono što se dobije.	0
pica vrh, brza dostava	1
Pizza Bjanko stigla na vreme, vruća i odlično upakovana. Vrlo ukusna, testo uopšte nije teško za stomak, susam korice su prosto sjajne. Naručiću opet.	1
Prvi put narucujemo od vas, ali nismo se pokajali. Pica odlicna, ovaj vikend popust je savrsen, dostavljac prijatan i efikasan.	1
Fresh and healthy. little bit pricey, but its worthed. Something oriental to give perk to your oh-so-routine daily life.	0
Odlicna, ispostovano sve sto je napisano.	1
Brzina dostave odlična ali hrana.. meso nije bilo pečeno. Lepinja je odlična	0
standardno dobro!!!	1
Naručili smo pice od 24.cm, ali su se činile dosta manjim. Cezar salata je bila siromašna a palačinke osrednje. Svetla tačka su bile kore od pice koje su bile iznad proseka.www	0
Kao i uvek odlicno, ukusno, brzo.	1
Dostava tacna i na vreme. Hrana odlicna. Narucujemo ponovo.	1
"Naručena pršuto pica a stigla pica bez pršute ili bilo kakvog mesa.. Vegeterijana klasična! A na kutiji uredno piše ""Pršuto""!"	0
Ukusna hrana	1
Odlicnoooo jako mi se svidja uvek brzo i tolpo mi isporuce sve pohvale...	1
Prva porudžbina iz ovog restorana. Hedansa pica. Stigla vrela, brza dostava, fenomenalan ukus. Preporuke.	1
Brzo i jako ukusno!	1
Hrana je vrhunska. Sendvič je ogroman i veoma bogat. Palačinke su super, malo deblje ali ne predebele, malo više namaza u njima ne bi škodilo doduše.	1
extra pica, stigla na vreme, topla, ispostovani specijalni zahtevi ..	1
Sveobuhvatan obrok, sasvim dovoljan  za jednu osobu i ukusan sa pristupacnom cenom!	1
trazio sam prsutu , a dobio pecenicu ... :(	0
Sve je ok ali malo vise safta u jelu nebi škodilo (suvo)	1
čorba stigla topla, giros sasvim dovoljan uz pepsi i krofnu- fin obrok	1
Restoran je kasnije objasnio da se u ombolu mesaju bukovace i sampinjoni. Da znaju i drugi koji narucuju.	0
Odlične pice. Testo je fenomenalno. I sledeći put ću od njih naručiti. Nadam se da neće pokvariti kvalitet.	1
izvanredno! najboli odnos cene i kvaliteta. Nemojte da se pokvarite	1
ali necemo više naručivati od njih	0
Do sada je pica uvek bila odlična, dopada mi se što je kvalitet hrane dosledan i nema neprijatnih iznenađenja. Jedino bih zamerio da testo ume da bude neslano.	1
Prvi utisak je odličan, dobar izbor jela, ok cene. Jako brzo je stiglo, rekli su 45 min, a došlo je za 30. Punjene tikvice i čorbast pasulj sa kobasicom odlični, kao mamina kuhinja :)	1
Dobra pizza, dostava na vreme.	1
Sve najboljeeee	1
Slatko-kiselo-ljuta piletina sa susamom je bila preslatka i masna. 460 dinara je baceno na slatke ustipke sa mrvicama piletine, LOSE!	0
hladno, bljutavo, piletina je previse zacinjena ali i dalje bljutava. Jedino sto je za pohvalu je to sto je brzo dostavljeno.	0
Ok salata, ali nije bas cezar salata kakvu bi vecina ocekivala. Porcija je velika i zaista je pristojan ukus. Brza dostava!	1
Kasnila je dostava , ali je hrana bila ukusna...	0
Pica je bila preslana i prilično žilava. Nisam bila oduševljena.	0
Bilo extra!	1
Generalno sam nezadovoljan kvalitetom pice... Moze to mnogo bolje!	0
Preporucujem!	1
stiglo hladno i sa velikim zajasnjenjem (od 45 min) ali ipak ukusno i obilno	0
Narucio sam pizzu velicine 55 cm a ne dve mini pizze... Mogli su barem da napisu da stizu dve ili neki opis da stave.	0
Cheeseburger, pomfrit, palacinke - sve odlicno, bogato, toplo, stiglo pre vremena. Dostavljac jako ljubazan. Sve pohvale	1
sos brasnjav, komadi kikirikija gde ne treba da ih bude, vegetarijanski obrok sa komadicima mesa..kasnjenje dostave.	0
Big burgeri odlicni kao i pomfrit. Stiglo toplo i pre najavljenog vremena. Zovemo opet :)	1
Jako dobra pizza!	1
skupa  mala porcija bez imalo dodataka koje sam trazio i platio stvarno sramota.	0
Vec treci put narucujemo i sve je fenomenalno!	1
Hrana je super ali mesaju priloge i uvek, UVEK kasne 45+ minuta!	0
stiglo na vreme, meso skoro pa hladno, kecap i luk stavili taman za dva cevapa od 5 koliko ide u porciji	0
porcija mala vise bi rekao pola porcije,povrce bez mirisa i ukusa nauljeno,kvalitet hrane los	0
Nikad nisam imala problema s narudzbinom i sve je savrseno kao i uvekk❤❤	1
Na sajtu pise 40min, stiglo za 75min. Hladna hrana	0
nije bilo ukusno	0
Uopšte nije bilo ljuto!!!  slanine nije bilo ni na crtežu, a pelat je došao posebno i hladan!!!	0
Salata je bila preslana, sa previše dresinga. Kao da sam jela posoljenu pavlaku. Sve u svemu loše.	0
Rebarca su solidna,wrap srednje zalostan.	0
Stigla na vreme, ali pogrešna narudžbina. Ljuto i začinjeno.	0
Batak je bio ziv a pomfrit je bio toliko ocajan da ga je nemoguce opistai, i cela vecnost im treba da stignu sa Cubure do Dorcola......	0
S obzirom na cenu radovao sam se kvalitetu. Nije to ni priblizno zlatiborskim specijalitetima.	0
Hrana je ukusna, porcije nisu prevelike, za te pare moze I bolje... 3/5	0
"Kazu 45 minuta. Hrana stigla za 65. Pica potpuno hladna, ukus osrednji, a isecena je nepravilno. Promasaj u svakom smislu. Nije za preporuku. Jeli smo ""Srbijanu"" tuzno."	0
Odavno nisam jeo losiju picu, testo pola milimetra debelo, a pica je bila 4gdoba, a od toga je bio neki parce sa necim i nko parce sa nekom salomom. Uzas, ne porucujem vise odavde	0
Po ko zna koji put, najbolji restoran kineske hrane sa dostavom	1
Moja preporuka!	1
...Ali samo moram da kažem da su preskupi kada se radi o dva-tri obroka, dakle isplati se samo naručivati na veliko.	0
odlicna !!!	1
Bas super, nema zamerki.	1
Ništa posebno. Koliko sam pohvala čula za minutu, jednom sam naručila i neću više sigurno.	0
Sve je bilo super.	1
Narucena piletina sa sampinjonima umesto nje doneli oslic, porcija puna vode ili cega god, bezukusno, bez zacina!!! OSLIC!!	0
Kao i obicno, sve je super. Odlicna teleca corba (puna mesa). Usluga odlicna.	1
Usluga dobra, ali kvalitet hrane jako los. Konkretno palacinke	0
Ovde lepo pise da je minimum 100 dinara.Narucili smo za 470 dinara i naplacena nam je dostava oko 350 dinara.Nije u redu zato sto nigde niste napomenuli.	0
Kilogram mesa je bilo ok, porucili smo 3 palacinke al smo dobili samo jednu (sve tri su naplacene)	0
Narucio sam lazanje,stizu sa pola sata (bukvalno) kasnjenja..odnosno,stize neka pileca salata ili sta vec,nisam siguran.Jedino mogu da kazem da je bilo koliko-toliko ukusno	0
Testo ekstremno tanko. Na delovima pregorelo i tvrdo kao kamen. Iako sam stavila 10ak priloga, pica koju sam dobila je bila poluprazna.	0
Odlicna pizza, dostava brza	1
samo malo veca da je porcija	1
piletina pohovana odlicna ali slane palacinke predebele, sa malo mesa i pavlake unutra, iskreno, bas promasaj	0
Stiglo na vreme ali od dve porcije cevapa na kajmaku stigla jedna, ali su uredno naplatili obe.	0
Pica je isporucena 5 minuta pre vremena, nadev je bio socan i debeo, testo super ispeceno, cak je bila i vrlo lepo dekorisana :) Veoma uksna. Svaka preporuka!	1
Hrskava piletina odlična 5.00.	1
Nije lose,a moze i bolje mnogo!Mrzi me da vise pisem.	0
za 580 din nema bolje	1
Ukusno, kolicinski dovoljno,toplo i brza dostava.	1
Rostilj odlican, pohovani kackavalj super.	1
testo pretanko, fila premalo, pica premasna, rok isporuke 55 min iako su na 5 min. probili za pola sata i jace, i to sve za cenu od 670 za najmanju picu. Definitivno VISE NIKAD kod njih.	0
Sve pohvale. Kvalitetno, toplo i brzo.	1
Stigi su pre predvidjenog vremena.Pica je prava domacinska-bogatija nego kod kuce da je pravljena.Ukus-fantastican.Dostavljac jako ljubazan i fin.	1
posle 80 minuta cekanja, hrana je bila hladna, a kolaci-iz go re li...verovali ili ne...	0
Odlicni ste, samo tako nastavite!	1
Predugacka dostava.	0
Kazu za 40 min dostava dosla za 110 mislim prava sitnica, hrana hladna, lepinja suva i pomfrit vodenast.	0
Hrana ukusna kao i uvek kod Jefte, ali je dostava kasnila citavih pola sata. Takodje, informacije o ceni dostave nisu tacne, platio sam 250 din za Vidovdansko naselje	0
Hrana stigla bez dodataka.	0
Kasnili sat vremena, pogrešni prlozi, totalna nezainteresovanost.............	0
sendvici su isto ko papuce, jaja su hladna i pecena na oko a nisu kuvana kao sto je navedeno a kutije su vam vrh jedino one valjaju i kole :)	0
na najavljenih 60 min su kasnili 40 min bez poziva niti izvinjenja.. tako se gubi musterija..	0
narucivao sam 2,3 puta odavde i bilo je solidno,ali danas stiglo gnjecavo nedovoljno peceno testo...uzas..zbog ovog vise necu narucivati	0
Porudzbina nije stigla.	0
piza je ruzna , neopisivo ruzna	0
Am...  zašto piše kukuruz, ako ne planirate da stavite ni zrno?	0
prvi i poslednji put sam porucio. nigde ne pise da treba posebno pirinac da se naruci. piletinu kao da su rukama kidali a ne seckali....sve u svemu jako lose!!!	0
Pizza je premasna.	0
Lazanje nije lose, ali je dostava kasnila 15 min.	0
dostava je kasnila sat vremena,nisu dosle palacinke,pica hladna	0
bez zamerke, socno, ukusno, brza dostava	1
male porcije krajcovanje	0
Vrhunski rostilj.	1
Najbolja kineska hrana sa dostavom	1
Narucili smo curetinu i piletinu i sve sto mozemo da kazemo je da je bilo jestivo i nista vise od toga...	0
Pica 4 u 1 ukusna, socna. Brza dostava.	1
jako los kvalitet hrane,pasulj redak,suvo meso bezukusno ,salate male porcije a preskupe,restoran za izbegavanje.	0
gulas stigao hladan...	0
Super hrana!	1
kao sto sam vas nekada hvalio,sada vas kudim. Corba nije obojena voda,a ako stedite na salvetama ni ne zelim da pomisljam kako stedite na drugim stvarima.	0
Hrana je ukusna, osim pomfrita koji je bio dosta loš. Velika zamerka za pakovanje. Hrana koja je došla do nas je bila mnogo ugnječena, pogotovo pomfrit koji je bio upakovan sa sosom u papirnu kesu.	0
Opet kazem da dostave i gotovinski - ma jok... niko to tamo ne cita ;)	0
Najbolja pica u gradu :)	1
Pica je bila dobra, ali palačinka nije nikakva. Ocena 2+	0
Veoma ukusna pica, a takođe i jako brza isporuka.	1
Odlicno preporuke 10+	1
"Rekao sam da bude ""baš baš reš"" i takva je i bila. Super je kad restoran sluša uputstva."	1
Osrednja pica.	0
Potvrdili su mi dostavu za 60 min plus je kasnila 30 min.	0
Uzeli smo wellness piletinu, porcija je premala, ukus los, ne vredi ni 100 din a ne 500.	0
Znaci za svaku pohvalu od svih restorana iz kojih sam narucivao  Pereca ima ubedljivo najkvalitetniju kako hranu tako i uslugu,cista desetka.Moja preporuka svima..	1
Kao i uvek odusevljena	1
"sve pohvale, teleca corba je prava ""kafanska"" i rostilj je odlican."	1
na akciji utorkom, nit jeftinija, niti bolja pizza	1
Cobra je izvrsna a ogroma minus za to sto su promasili izbor jela.Narucila sam kalemegdansku piletinu a dobila sam obican pileci file i to neukusan ,gori ne moze biti.necu ovde vise narucivati	0
Teleća corba izvrsna, izuzetno ljubazni i brzi. Topla preporuka	1
Sve preporuke, kvalitetno, bogat izbor i odlicna usluga.	1
Extra brzo i ukusno	1
Dobar rostilj. Potseca me na Vajat sa Autokomande. Dzambo pljeska je stvarno ogromna. Otelio sam se dok sam je pojeo... Svaka cast!	1
Sjajno, uvek stigne toplo i pre vremena. :)	1
Porudžbina je stigla za 90 minuta u odnosu na najavljenih 45 minuta za dostavu. Uz razumevanje zbog lošeg vremena, svejedno bi bilo  korektno javiti da će biti kašnjenja, posebno tolikog.	0
...šta da kažem...neću više naručivati pizzu...	0
nezamenjivi	1
Curry,Bolognese,Prosciutto.Sve tri odlicne.Probacemo ostale :)	1
Svaka Vam čast! Brzi ste, efikasni, hrana je veoma ukusna i svežih sastojaka puna.	1
Kao uvek :)	1
... firma koju koristi Mali Princ za dostavu nije. Vrlo neljubazni, a pritom skupi. Ne vidim potrebu za tim.	0
Cetvrtak, vreme rucka, jedan dostavljac, 20 cevapa se ceka sat ipo, 3 kilometra razdaljina.	0
odlična hrana I brza dostava	1
ok je sendvic, nista posebno..	0
dve slane palacinke i carciki salata. Hrana je odlicna, vreme dostave ispostovano, kolicina je ok.	1
Vec duze vreme samo ovde narucujem pice, margarita mi je omiljena, palacinke su takodje super a dostava je jako brza kao sto sam i napisao gore :)	1
Burger fantastican,sosovi i sve sto ide uz njega,suvisno je dati bilo koju zamerku.Nerazumem ljude koji  porucuju dva puta i treci put nedobiju dostavu.Sta je pisac hteo reci.	1
drugi put da se naruci klopa i da se nesto zaboravi...Prvi put somun,a sad salata. Sjajno ako neko moze da jede rostilj bez hleba i salate nek se javi.	0
Ukusna pica klemenca, tanko testo ukusno, hrskava korica, rukola odozgo, uhh bas je bila ukusna. Stigla na vreme topla. Stvarno sve kako treba.	1
Hrana je bila topla i ukusna!	1
Ovo je vec neki put da narucujem i uvek stize na vreme topla i dobro napravljena  sve pohvale nastavite ovako.	1
Extra nemam reci. Pilece belo je vrh!	1
Pa prosecna hrana mnogo zacinjeno.Porcije dovoljne ali nigde ne pise da mogu i nudle da idu uz jelo.Pirinac i ne volim bas.Decko dosao na vreme i jako ljubazan.	0
Stigli na vreme, ali pica je bila hladna, korica je postala zilava. Takodje ono sto je ovde 42cm, priznajem nisam premerio, ali ostali smo gladni, sto se inace ne desava. Prvi i poslednji put.	0
stigli hladni cevapi	0
sve odlicno, brza dostava	1
2 masline su i previse za ovu velicinu pice, raznosac dolazi peske sa hladnom picom, pica ne izgleda sveze vec suvo. zaista nemam ni jednu pohvalu.	0
Veoma brza dostava 20 min, hrana fenomenalna!	1
Pasta ok, pica nikad gora....pregorela sa svih strana. Vreme isporuke ispostovano.	0
Kao i svaki put, najbolja hrana, narucujemo redovno. Svaka cast, samo ovako nastavite!	1
Hrana je stigla za 65 min-sto je ok. Problem je sto je corba stigla hladna, takodje i piletina sa susamom, pomfrit i palacinke. Misljenje: necemo vise narucivati... :-(	0
Kao i uvek - odlicno, ukusno i brzo	1
Odlica kapricoza, vrlo bogata dodacima. Porudzbina je stigla tacno na vreme.	1
... ne stave uvek ono sto ste trazili, a prosli put su mi obracunali 2 pirinaca (koja sam porucila), a dobila sam samo 1! A za reklamacije nema mogucnosti.	0
Kvalitet nije los, ali ovo je najmanja pica za ove pare, plus nema poklona koji svi ostali daju (kolac, palacinka...). Narucila sam bila sok, a doneli su mi gazirani Sprite, koji ne pijem.	0
sve pohvale :)	1
Jako losa i bezukusna Capricoza.U odnosu na cenu pice, kvalitet je jako los.Sugurno necu vise narucivati iz ove picerije.	0
Narucila sam piletinu sa povrcem i povrce na grilu posebno. doneli su samo piletinu sa pivrcem, a naplatili i jedno i drugo. bezveze	0
dobio sam zivo meso!	0
Tri puta sam naručio. Jednom su kasnili 40 min, a drugi put 30 min.	0
Hrana ok ali ima i boljih...	0
Veoma kvalitetno meso, cene vise nego ok, i ekspresna dostava! Sve preporuke zaista!	1
Ja sam zaista prijatno iznenadjen ovim restoranom. Cene su savim korektne, a hrana je veoma ukusna (bar ovo sto sam probao = sis cevap i pileci sendvic).	1
Sve je top, predobra hrana, brza dostava...	1
"Za razliku od ostalih ""kineza"" koji samo trpaju kupus, Soya ume da iznenadi dobrim ukusom i kvalitetom hrane. Ovo nisu klasicni kinezi, ovo je zaista totalno druga prica."	1
lazanje i bolonjeze su ok,ali je piroska spolja zagorela a iznutra totalno ziva!!! ocajna je skroz!!! nije  ni za psa iz dvorista komsijinog!!!!  blago receno,uzas!!!	0
Morali su bas bas onako jako da se potrude da pasta sa piletinom bude ovoliko bezukusna! I palacinke isto, nikakav ukus nisu imale.	0
Sve pohvale ;)	1
picaa savrsena, isporuka cak i pre naznacenog vremena. sve 5.	1
Moze da prodje.. Toliko..	0
Testo jako lose. Molim vas, ali zaista vas molim, nemojte ovoliko na siru stediti. Pa ipak je pica u pitanju. Zaista sam razocaran ovom picom sto ste mi isporucili. Sramota.	0
Extra hrana za svaku pohvalu	1
Ocekivala sam vise, nisam zadovoljna ni hranom, ni velicinom porcije ni cenama. Jedino je dostava bila tacna u minut.	0
Svaka cast!	1
Pohvale za veličinu porcije i brzinu isporuke. Kvalitet mesa i količina mesa veoma loše!	0
Odlicna kuhinja	1
odlicna pizza, kvalitet i kvantitet.	1
Sve je stiglo na vreme, toplo i ukusno.	1
Hrana je kasnila 30min i stigla je potpuno hladna. Lepinja je bila lepa, meso je bilo ok, prilozi bezukusni. Necu ponovo narucivati.	0
odlično sve	1
Sasvim okej rostilj, solidno vreme dostave, def cemo naruciti opet	1
Pica bi bila zaista ukusna... da nije zagorela do crnila odole. Od gore je tek prepechena....	0
Isporuka brza, salata bogata piletinom i veoma ukusna. Palacinka lepo filovana. Preporuka!	1
pokusajte negde drugo. Usluga odlicna zato mi zao da pisem lose....Trude se	0
Naredio sam 4 fromaggi, imao sam 4 staggioni..	0
"Katastrofa, ne ovde vise nikad, zaposleni se obracaju musterijama sa ""brate""."	0
OK... Ali daleko od dobrog	0
više nas se skupilo i kupilo i stigli su sa gomilom hrane i brže nego što su se najavili!	1
Jeo sam 2-3 puta razne pice. Piva ko pica nista specijalno ali ok je. Ali cene su previsoke	0
Salata bez hobotnice. :(	0
no salt..why?anyway it was good.	0
Narudžbina kasni, proteklo je 45minuta od naručivanja, a pritom je i to dugačak vremenski period za brzu narudžbinu.	0
Zivim u centru i bukvalno na 10 min od restorana a opet im treba po 2 sata da stigne hrana,i stigli su mi pregoreli bataci	0
Stigla hladna hrana za sat vremena, vreme dostave bilo 75 min. Za zaborav.	0
could have had more vegetables and meat	0
odlican kvalitet ali minijaturna pizza za te pare.... veliko razocarenje	0
kolaci top!	1
Iskreno najbolja pica koju sam pojeo u poslednjih godinu dana. Dostava i pre navedenog vremena.	1
Veoma brza dostava, perfektna hrana, sveza, vruca i ukusna, dostavljac i osoblje izuzetno ljubazni! Za svaku preporuku!!!	1
sve naj naj	1
Good prices, but not good food.. Will not order from here again	0
pica dostavljena na pogresnu adresu, dodaci za picu koji su naruceni uoste nisu stavljeni.	0
Pica, kaprićoza, standardno dobra. Dostava kasnila par minuta, ali ništa strašno, pica vruća i ukusna.	1
Veoma razocaran, velicina punjene vesalice je blago receno smesna	0
Nećete opstati u moru dobrih ponuda ako radite na kratke staze.	0
Dobro testo, ali pica ne vredi tih para. Testo nije dobro pokriveno sastojcima.	0
piletina sa mocarelom stigla bez mocarele isprevrtana prosuta i hladna,hrana bez nekog ukusa	0
45min. dostava..	1
Sve je bilo odlično i hrana i usluga. Preporučujem svima.	1
Brza dostava, topla i ukusna pica. Svaka preporuka	1
Pizza vegetariana jako siromasna kao da je zima pa je skupo povrce. . palacinke od neverovatno gumastog testa, kao zvaka. sve u svemu nedovoljno.	0
pica stigla hladna i sa zakasnenjem kackavaj masan verovatno onaj najjeftiniji...jako razocarenje od ove picerije....	0
Realno za 590 dinara je slabo..Ima dosta al bez ukus bar meni.Za tu cenu nije fora samo nabacati svega...plus je dostava kasnila pa je sve bilo gnjecavo..	0
Giros preukusan, stigao i pre vremena, vruć!!! :) Velika porcija! Sve pohvale, zaista!	1
Naravno, moram da se zahvalim Vašoj kući na iznenadjenju..... Hvala.... Hrana je bila više nego ODLIČNA	1
Najbolja margarita! :)	1
Sve pohvale za restoran! Hrana je došla pre nego što je planirano, i dalje topla i odvojena u posebne plastične činije. Od mene sve pohvale!	1
Drugi put narucujemo. I treći put ćemo.	1
Supa je dobra, ali musaka je uzas.	0
Stigao je Sendvic koji je bio znatno manji nego do sada i pomfrit mislim da je malo veca porcija, palacinke nisam dobio a platio sam 530, o cemu se radi ovde, ranije je sve bilo mnogo bolje!	0
Odlicna hrana! ljubazni dostavljaci! pizza diavola preporuka.	1
"potpuno razočarenje,..........kao da sam u pekari naručio picu..........testo mekano i ""prokuvalo""........sastojci nikakvi.........ova picerija od mene neće dobiti nijednu preporuku..........."	0
Odlicno , brzo i ukusno	0
Sve za 10!	1
NEZAMENJIVI SVE JE PREUKUSNO. PICE PALACINKE BURGERI NAJ STE :))))	1
Hrana je sasvim korektna a cena je niska! moja preporuka	1
very good service. I was very picky but they managed to get my order correctly. it was delicious.	1
Nisam bio zadovoljan slanim palacinkama, bas su osrednje. Slatka palacinka je bila ok ali nesto manja od ovih slanih. Dostavljac nije imao kusur pa je isao po kraju da trazi pa je nasao na kraju.	0
Hrana kasnila 35min, lepinja izgorela, sve bas lose...	0
Hrana nije dostavljena. Posle 1h 50 min otišao sam do pekare. (vreme za dostavu 60 min). Niko nije javio zašto i koliko kasne.	0
pica je bila raspadnuta....od voznje je u svim picama sastojci bili na jednoj strani....ne ponovilo se	0
Paste sa 4 vrste sira je odlična! Ukus sosa je mnogo lepši nego na većini mesta! Cene su prihvatljive.	1
Stiglo za sat i po, duplo vise vremena nego sto su najavili. Ohladilo se sve pa je bilo onako...posebno krompirici...	0
Pola hrane je bilo pogrešno napravljeno, i neoprostiva greška je staviti čokoladnu umesto nutele u naručenu porciju nutele i plazme	0
Najeo se od jednog komada, sve pohvale.	1
exstra klopa exstra cene i jos popust EXSTRA	1
Pasta je vrlo ukusna, velika je porcija. Neobicno ali vas ova pasta drzi sitim oko 6h. Brza isporuka koja je stigla za 20-tak min.	1
Za svaku pohvalu.	1
Brza dostava, odlicna hrana!	1
Kvalite je kao i uvek odliča, ali sada imam veliku primedbu. Kifla je bila ugljenisana i ne znam kako ste mogli uopšte tako da pošaljete.	0
Pečuraka prstohvat, od povrća samo kupus i eventualno poneka šargarepa. Soja sos? Ne postoji. Toliko je razblažen da je obojena voda. Sve u svemu bacanje para.	0
Poručili smo punjeni pileći file, veoma dobar, nije se štedelo na prilozima :)	1
vrh su stvarno i ljubazni	1
Nisam zadovoljan ovim restoranom... Cekao sam isporuku vise od sat i 30 minuta iako je vreme dostave bilo 45 minuta... Takodje jelo smo dobili hladno ne bas preterano dobrog kvaliteta...	0
sve ok braco moja mila	1
Kapricoza je bila odlicna a palacinke su bas bogate nutelom, kao sto volim.	1
NIsam skoro jela nista ukusnije! Porucujem ponovo!	1
mleveno meso je veoma loseg kvaliteta. uz rostilj nam nisu poslali lepinje koje smo porucili, ali decko koji je doneo hranu je bio vrlo ljubazan pa je otisao do pekare da kupi lepinje.	0
tople preporuke za kuvana jela. Domacinski restoran :)	1
SUVO I DOSTAVLJENO BEZ KROMPIRA KOJI IDE UZ OVO JELO	0
Pica po nasem ukusu, tanka kora I puno fila. Jedna od najboljih picerija na donesi.com.	1
Od 45 min stigli za 30, pica topla, ukusna.	1
Čekali smo više od sat i po vremena na picu! Stigle su tople, ukus je solidan, ali vreme dostave je nedopustivo! Mislim da je ovo bio poslednji put da naručujem	0
Narudzba je stigla kroz sat i po, indexi hladni. Povrh svega naruceni pepsi nije stigao. Bar toliko mozete ispostovati.	0
Hrana je stigla tek posle sat i po vremena, a pritom su zaboravili da spakuju jedan obrok, koji je stigao posle narednih sat i po vremena...	0
odlicni su	1
Preporučujem	1
Moja narudžbina je trebala da stigne oko 19:20. Kasne pola sata, a vreme dostave je oko 40 minuta. Usluga je KATASTROFA. Poslednji put poručeno ovde.	0
generalno nema dobre klope u 3 ujutru za moj kraj (nbg). Ali jos kada dobijem hladnu picu.. ...smor.	0
Dostava stigla za pola sata, topla, preukusna pica :)	1
Margarita kvalitet kackavalja nula, testo zagorelo, nista bolja nije ni vegeterijana. Samo je dostava na vreme!!! Uzas	0
Doneli su mi spicy potato wedges, umesto potato smiles koje sam naručila (10 dinara razlike). A bečka je bila izuzetno mala. Odmaram malo od Mangiare-a....	0
Vrhunski kvalitet kao prvog dana kada su počeli sa radom. Usluga skladna današnjem načinu poslovanja. Perfektno. Za svaku pohvalu.	1
Mlake, pune kecapa, nisu dobro ispecene. Tuga!	0
U sendvičima nije bilo dovoljno priloga, zelena salata naručena ali nije stavljena. Takođe, u šunkarici je ostao komad plastike od ambalaže. Sve u svemu - NIKAD VIŠE!	0
bez konkurencije na brdu	1
Sve ok i ukusno, jedva cete pojesti	1
Hrana je stigla pre naznačenog roka. Veličina porcija je odlična. Sve je bilo vruće i taman kako treba!!	1
Ovo stvarno vise nije uredu. Vas sam stalni narucilac, i svaki put kasnite minum po pola sata od napisanog vremena. Ovo vise nema smisla!!! Ovo je mozda i poslednji put da narucujem kod vas	0
Ovoga puta uredjena drugacije ali i dalje predobra pizza. Jedini predlog je da se meso malo usitni kako se ne bi povuklo u jednom zalogaju ako se ne prirdzava prstima na pizzi :)	1
Teleci kotleti na kajmaku su nesto najlepse sto sam jeo u poslednje vreme.Spremljeni izvanredno. Socno i nezaboravno. Cena korektna. Usluga brza od predvidjenog vremena. Jednom recju -izvanredno !	1
hrana dostavljena posle sat i po vremena hladna	0
Hrana ukusna,brza isporuka,sve preporuke	1
Beef Chilly toliko dobro zvuci da cete se razocarati kada stigne nesto poput loseg pokusaja kineske kuhinje... mozda bi bila bolja ocena da nisu napisali da je ljuto jer uopste nije...	0
Super pica i dostava tacno na vreme , sve pohvale !	1
Porcija sa pilecim fileom je odlicna (salata, pomfrit i naravno meso), dok je tortilja mozda prenatrpana sirom pa se ne oseca toliko ukus piletine, sve u svemu zadovoljan sam	1
Imao sam utisak da jedam podvarak a ne kinesku hranu.	0
prvi put narucio kod njih. king pizza odlicna. brzo isporuceno. sigurno cu ponoviti	1
ODLIČNO!!!	1
Salata bez dresinga!!! Pica hleb bajat kao žvaka.	0
Brza dostava, hrana na skali od 1 do 10, je jedva 5. I dostavljac se ponasa kao da mu je pistolj prislonjen na glavu. Ponasalje 0.	0
Jedna od najboljih pasti koje sam jeo! Sve pohvale :)	1
Katastrofa od hrane.....užasno masno,slano...	0
narucio sam palacinku sa kremom,plazmom i ananasom,a dobio samo sa kremom	0
Dobra hrana, porcije odlicne i odlicna cena. File soma je plivao u ulju, sve ostalo ukusno i vruce. Dostava stigla za duplo manje od navedenog vremena	1
je potpuni uzas, nista nalik na hranu koja se nudila ranije.	0
kobasice odlicne,ali trebate se malo potruditi za svezije pecivo kao i kari sos,bas kao u Bavarskoj	0
Pica se uzasno oseca na cigarete.	0
Vrlo ukusna pica! Brza i besplatna dostava.	1
Brza isporuka i ukusna hrana. Sve je odlicno. Preporuka za giros.	1
Iskreno mislim da nema potrebe komentarisati hranu koja je toliko kasnila i stigla hladna ...	0
Super klopa:) *cevapi su vrh, obzirom da je dostava u pitanju sve kako treba..	1
Nije loše, ali je stiglo potpuno hladno	0
Rub punjen sirom naručen, naplaćen ali ne i isporučen. Ali je bica bila baš, baš reš kao što sam i tražio, pa ne mogu da se ljutim na njih :)	1
Pirincane nudle sa teletinom srednje ljuto i rolnice sa povrcem... bas onako kako treba da bude...bravo!!!	1
Na zalost dosta lose, narudzbina- teletina sa kamenicama	0
Kineska hrana bez povrća, ko li je to smislio. Piletina sa kikirikijem je upravo to - piletina sa kikirikijem. Dosta kikirija.	0
Savrsena. Preporuka	1
Prepuno pirinca	0
Ovo nisu spagete uopste, ovo je supa sa rezancima! Sos je katastrofa, ni ne lici na karbonare. Ljudi ako ne znate nesto da napravite nemojte ni da stavaljte u meni!	0
The Royal Mix Sashimi was very thinly sliced, except for the Tuna.  Everything else was not bad, but not exceptional otherwise.	0
Fenomenalno	1
kvalitet hrane varira, restoran bolji od dostave	0
Došli su i nekoliko minuta pre roka. Hrana je bila super, porcije su obilne. Sve preporuke!	1
Klopa je super, pristojne porcije za pristojne novce :)	1
Stiglo pre nego sto je najavljeno, ukusno kao i uvek...	1
2 sata sam cekao i na kraju jeo hladno... ne hvala, vise nikada!	0
Ako bi mogao da ne bude više od 45 minuta bilo bi sjajno.	1
Stiglo sa kašnjenjem poluhladno i BEZOBRAZNO naplatili dostavu iako se reklamiraju da preko 1000 din narudžbe nema plačanja dostave. Prvi i poslednji put kod njih naručujemo.	0
Posle 10-ak minuta čekanja na Donesi.com da prihvati porudžbinu, Burger Girosu je trebalo 71 minut da obavi isporuku! Dakle ukupno čekanje na hranu 81 min. Pa vi izvolite!	0
im je bila vrhunska. uzivali smo. preporucujem velike kolicine pomfrita!!! :-)	1
Hrana dostavljena je hladna, lepinje bar 3 dana stare, i ne dovoljno priloga.	0
meso je bilo jako ukusno. cene mogu da budu niže, a porcije veće. stiglo je polu hladno..	0
Odlicna corba, sve pohvale. Palacinke isto tako.	1
"Najblaze receno ""Nabacano pa izmuckano"", a pored toga i hladno."	0
prvi put narucujem odavde, i imam samo pohvale, pica stigla tacno kad je najavljena, testo tanko i hrskavo kako volim, priloga sasvim dovoljno, lepo spremljeno i ukusno, tako da nemam nikakve zamerke	1
dostava kasnila 35 min! neozbiljno	0
Odlicna pica, madjarica - utorkom na akciji, tako da je i cena odlicna. Usluga super. Sve preporuke.	1
Filovana palacinka, veliko razovarenje, s obzirom na to koliko smo zadovolnji ostalom hranom. Testa previse, nadeva premalo, i nije bas najukusniji.... palacinku svakako ne preporuvujemo	0
Ranije je hrana bila super,ali veceras je sramota sta sam dobio.Podgrejana bajata kifla i zagorela kobasica!	0
Ukratko - odlična!!! Sve preporuke!	1
za sve picerije koje sam probao, najbolja u gradu	1
nije losa pasta	0
Preporucujem, pica je odlicna, usluga veoma brza, osoblje ljubazno.	1
Bolje na izgled nego na ukus.	0
Usluga je ok stigli pre vremena. Hrana onako previse srpska nema tu nista meksicko nikakav zacin nista	0
Porcije su extra, prebranac sa kobasicom vrhunski kao i spanac sa fasiranim.. uz corbu nije se moglo sve pojesti posto je kolicinski sasvim zadovoljavajuce.. definitivno  ponovo narucujem :)	1
Pica je kasnila 40 min.Stigla je hladna,zilava, jako siromasna sastojcima i falila je slanina a narucili smo Leonardo picu-slanina,kulen,suvi vrat...	0
Taman kako treba, odnos kvalitet-cena savršeni.	1
Pica je odlična!	1
Kao pizza majstor, preporucujem.	1
Hladno, prijalo, stigli 20 minuta pre roka, pica savrsena, svaka cast!	1
nisam dobila sos niti paradajz! ali je giros bio ukusan	0
Porucena su dva jela i pirinac. Dva jela smo dobili, pirinac ne. Naravno, uredno je naplacen.	0
Odlicna hrana brza isporuka, jeftine cene.	1
pica je stigla vise kuvana nego pecena. Jedva da je bila jestiva. Pored kuvanog testa od ukusa se mogao osetiti samo sir i pecurke.	0
Strasno, platis 710 dinara i dobijes nesto sto dete od 30 kilograma moze da pojede za uzinu, toliko smo se razocarali u ovo malo stvorenje koje je doneo dostavljac. Nikad manju picu video nisam.	0
Musaka sa tikvicama preukusna. Pire i gulas takodje. Prezadovoljni smo. Narucicemo ponovo!	1
Moram da priznam da je hrana dosta ukusna i da je stigla topla i na vreme ali velicina porcije je sramota za 700 din. pogotovo sto se osecam kao da nisam ni uzinao	0
Isporuka kasnila pola sata, meso suvo I prepeceno, porcija minimalna. Pomfrit uzegao.. u kompletu razocarenje.	0
Odnos cene i kvaliteta je vise nego za preporuciti, za taj novac nigde necete naci bolju hranu, dostava tacno na vreme, zaista sve pohvale.	1
Puno pirinča uz malo sosa i loš ukus. Veoma suvo. Za tu cenu jeli smo mnogo bolju i ukusniju kinesku hranu.	0
Nezadovoljavajuce	0
Pileci file mekan i socan ..sopska salata sveza i hladna..stigli su na vreme  i sve je bilo ok	1
Kao prvo, na slici možete videti koliko soseva tu ima koji su spojeni i gube svoj ukus, nemaju nikakvu namenu jer je to jedan ružnni sos, a ne 3 različita.	0
Cesto narucujemo kod njih i hrana bukvalno uvek stigne pre procenjenog vremena. Porcije su bas prilicno velike a sve sto smo do sada porucivali je bilo preukusno!	1
Do sad smo bili uvek zadovoljni ali ovaj put je domaca lepinja bila izgorela, pljeskavica ustajala kao da su je samo ugrejali, uzas.	0
kolenica je odlicna sam naridzbina nije ispostovana	0
Stigli na vreme, hrana ukusna i prilično raznovrsna. Teletina malo masnija, ali svakako nemamo velikih žalbi.	1
Nisu stavili sve priloge, iako je detaljno opisano kako da se stave.	0
odlicna pica i odlicne palacinke	1
Jako ukusno!	1
Narucio sam hranu u 14:15, stigla je u 15:45!!! Super ste samo tako nastavite :)	0
Stigli cak i koji minut ranije,, sis odlican, sve preporuke :)	1
Ćevapi su bili nekako suvi...	0
Prošle nedelje došli iz Azije pa naručili da se malo podsetimo, ali ništa od toga. Niti Azije niti kulinarskog užitka.	0
Najgora hrana sto sam pojeo u zivotu	0
Nula. Pica hleb, masnjikava, tri masline, list prsuta, travke.	0
Pica Freshly made kasnila 15 minuta. Feferone nisam nasao. Sto se ukusa tice... slobodno mozemo reci da nisu najbolji u gradu	0
brza dostava,prihvatljive cene jer je obimna porcija,sve sto sam narucio stiglo je na vreme,uvek toplo i ukusno,uglavnom kod njih narucujem i nastaviT cu :D	1
Paste su odlicne, hrana dolazi super topla i na vreme, dostavljac i vise nego ljubazan. Posebni uslovi ispostovani. Sve 5 !	1
prezadovoljan sam i uslugom i hranom.	1
Porudžbina je stigla pre roka. Hrana izuzetno ukusna.	1
Narucivao vise od pet puta i svaki put je sve bilo odlicno.	1
Ukus ni na sta nije licio. A nije ni prvi put da se desava.	0
Odlicna klopa i velike porcije. Stiglo na vreme. Sve preporuke	1
Male porcije, nedovoljno mesa, nema kikirikija...	0
Sve stiglo u roku, toplo iako je napolju padala kisa i bilo hladno. Dostavljac extra ljubazan, hrana preukusna, svaka cast!!!	1
Stigla vrela i jako ukusna, Bogata sastojcima :-)	1
Posle sat i 40 minuta....Hladna piletina i pomfrit...Šta reći...	0
Sve pohvale i preporuke! :)	1
pripremite tacan iznos za dostavljaca	0
Pica od 32 mi trajala za dva ručka a mogu da pojedem dobro.	1
Narucile smo rolnice i pirinac sa povrcem i jajima i pirinac kari. Sve je stiglo brzo i na vreme. Hrana je odlicna. Bas smo se najele!	1
Odlicni burgeri,sjajan ukus i kolicina za vise nego realnu cenu.Isporuka u roku !!  Za svaku preporuku,svaka cast !!	1
Hrana je ukusna, tačno u minut i topla je kad stigne. Slike nema, pojelo se ;)	1
Brzo i kvalitetno ukratko :)	1
Pica doneta hladna, iako je napomenuto bez maslina sa znakom uzvika ipak su poslate...	0
Narucio sam Napoli i ocekivao sam malo vishe socnosti od pice.	0
Hrana je bila vrhh,sve je bilo toplo i ukusno.Dostava stigla i pre recenog vremena!!! :)	1
Hrana ukusna. Isporuka u dogovoreno vreme. Hrana spakovana po najvisim standardim	1
Burgeri odlicni, mozda malo neslani. Dostava stigla i pre vremena. Sve pohvale!	1
We used to love this place, it has gone down hill. They keep forgetting parts of our order and the quality of the food has significantly dropped. It's a shame.	0
preko sat vremena cekao, pica hladna..	0
Dostava je kasnila 20minuta.Hrana je bila hladna i bezukusna.	0
porucena pizza stigla u rekordnom roku izuzetnog ukusa	1
Naručili smo porodičnu kaprićozu.Pre vreme je stigao i bio je jako-jako fino.Bili smo zadovoljni.Sigurno ćemo naručiti ponovo iz ovog restorana :)	1
Hrana je izvrsna, ima je dosta. Posebna pohvala za roštilj, koji je sa ćumura. Došli su 10 minuta ranije. Obroci su posebno povoljni!	1
"Dok je hrana stigla malo je falilo kanibalizmu da se okrenemo. Hrana je stigla mlaka, kokakola prosuta po kesi, i oni ""obroci"" su precenjeni."	0
Kao i uvek sve ispostovano.	1
Hrana je ok, usluga zavrnula za 100 dinara.	0
I didn't like it that much. Too many mushrooms, chicken non existed and rise was not cooked well. Not worth its money.	0
Hrana je stigla sa kašnjenjem, hladna i sa nedostatkom priloga. Inače ukusna, ovog puta je ostavila loš utisak.	0
Lepo i karakteristicno. Treba probati...	1
Narucila sam prvi put i prezadovoljna sam. Pica stigla pre vremena , vruca, iako je napolju hladno. Dostavljac jako ljubazan.	1
Za svaku preporuku! Hedansa pica odlicna.	1
Super sve je sveze i ukusno	1
Hrana topla, sveza i ukusna.	1
Pica ukusna, dostava i pre vremena. Jos kada bi stavljali narucene dodatke ne samo da ih naplacuju, mozda bih narucio jos koji put ;)	0
Sve preporuke za Ozon.	1
Jedna od najboljih pica koju smo do sad imali prilike da narucimo!	1
Narucio sam od njih par puta i hrana nije nista posebno ali dostavljaju do kasno.	0
-Narucila sam palacinke sa marmeladom, stigle su sa medom. -Doneto je vrlo brzo, ali jaje nije bilo dobro ispeceno, pa je 'plivalo' na povrsini pice.	0
Ovo je najhladnija pizza koju sam ikada dobila..ukus je negde izmedju pizze i sladoleda, smek na drva jedino ako ste zalozili..samo za prave avanturiste...	0
garava i hladna, katastrofa	0
Fokaća je bila previše suva, a pica previše masna. To na stranu, hrana je... okej, ali nije za padanje u nesvest.	0
Posle 90min stigla kapricoza, vise hladna nego topla...Iskreno ocekivao sam vise	0
Kasne vise od 40 min,cobanska piletina odlicna kao i lovacki krompir!	0
Kao i uvek sve kako treba	1
Sve pohvale !!	1
Prelepo tanko testo, bogat nadev.	1
Nije lose,nije lose :)	1
Prepeceno, vise od pola korice zagorelo, punjena korica napunjena vazduhom, mlaka, dostava za 1 i 15 minuta umesto za max 55 minuta. Razocaravajuce...	0
Ukusno, toplo, pre vremena.	1
hrana vrela i ukusna, dostavljač ljubazan, za svaku preporuku	1
ako je 60min brza dostava(na Bulevar Revolucije) , onda nemam reci... Prvi put narucujem u ovom restoranu ,i vec na pocetku sam se razocarala.	0
Mislim da je ovo 30. put da porucujem, i hrana je i dalje vrhunska. Zaista treba probati. Sve pohvale.	1
Oduševljen sam! Ne mogu da se odlučim šta je bilo bolje od ova 2 jela. Svaka vam čast i samo ovako nastavite.	1
Baš dobro!	1
Brza dostava,hrana topla. Pileće ćuftice su možda malo začinjenije za naš ukus.	1
Pasulj,boranija,lepinje,brzina isporuke,dostavljač,sve 5+	1
Fenomenalno!	1
Ukus ok ali meso suvo.	0
Stigli su sa samo tri minuta zakašnjenja 63 minuta ima je trebalo) ali su sva jela bila _ledena_.	0
Retko kada kazem da je nesto katastrofa ali smo celu pizzu bacili. Palacinke nutella ok.	0
Porudzbina od tri srednje velicine pice...po svoj prilici nikad stici nece...tragedija mog zivota	0
Kao i uvek , savrsena pizza. Po meni, najbolja pizzerija u gradu	1
Gulas dobar, potaz dobar, brzo i toplo stiglo, odlicno upakovano.	1
Sve uredno naručeno, stigao i email sa potvrdom, ali hrana nije stigla...	0
pica predebela, premasna, sir bljutav... natrpano svega - to je plus, ali ipak, sve u svemu, treba to mnogo bolje...	0
Brza dostava, veoma ukusna hrana	1
Nisu imali svo meso koje je poruceno niti su ispostovali porucene priloge... Cevapi su 2cm ( jedan zalogaj). Cekanje dostave 70min.	0
Nakon prihvaćene porudžbine pozvali su me i rekli. Nama je daleko to. Ipak tu ne vozimo. Ne znam zašto su onda na opštini Zvezdara u ponudi?	0
kad ne mogu da se odlučim- idem na sigurno, a minuta je zaista siguran pogodak u bilo koje doba!	1
odlicna hrana, ali napadan radnik koji radi isporuku.	0
Uopste nisam imao utisak da jedem meskicku hranu vec kinesku. Mesa ima u tragovima.	0
ja skoro, ali bas skoro, nisam video ovako lošu pizzu	0
Vrh, citav dan jedes i jedva pojedes.	1
Kasnili su 40 minuta. Hrana je ok, nista posebno, bila je malo hladna. Dostavljac ljubazan.	0
Przena piletina 440 + Sutlijas 160 a na kurirskom nalogu pise 690.	0
Ukusno i na vreme.	1
Odličan sendvič. Svež, veliki, pun!	1
Velike porcije, ukusna hrana. Sve preporuke!	1
Umesto za 45min hrana je stigla za 70min. Jelo je bilo potpuno hladno, batak jedva pečen, pizza premasna.	0
Hrana je odlicna,stiglo je na vreme,sve u svemu odlicni su!!!	1
Narucili smo pasulj, spanac i spanske prstice. Sve je bilo odlicno, a uz to smo dobili divne kifle. Sve pohvale!	1
Narucila kinesku piletinu, potaz od povrca i sopsku salatu. Brzo i ukusno. Velike porcije. Velika preporuka.	1
Sve 5, bez zamerki, ukusno i na vreme.	1
burgeri su bas losi, bezukusni, sendvic je odlican (USA style)	0
Kvalitet odlican, dobar sos, dovoljno mesa, cena odlicna za taj kvalitet, dostava na vreme, dostavljac kulturan, za svaku preporuku!!!	1
dva sendviča - u jedan dobro stavljeno, u drugi zbog nepažnje nije.	0
pizza je kao i uvek odlicna, ali od punjenih ivica ni ,,p,, a naplaceno je sa njima... Nije stvar u tom novcu nego u korektnosti...	0
Samo da se ne naplacuje dostava, sve bi bilo u redu!	1
dostava je kasnila mnogo , hrana je LEDENA malo je reći tako da ukus ne možemo ni da komentarišemo ....	0
Cenakvalitet odnos najbolji u gradu. Uvek brza dostava.	1
Sve je fantasticno kao i svaki put	1
Pileca dzigerica je vrh, proja najbolja do sada koju sam jela, sve pohvale, uvek na vreme , uvek toplo, sve pohvale!	1
najbolji steeee	1
Špagete sa četiri sira i špagete đenoveze, i ni jedne ni druge nisu imale puno ukusa.	0
Uvek ste bili najbolji, ali ovaj put ste katastrofa. BAJATE KIFLE, HLADNA HRANA, KAŠNJENJE 15 MIN.	0
hrana stigla hladna,jako loseg ukusa,jedino sta je vredelo je grcka salata,	0
Narucili smo njoke i raviole i dobili bas male porcije, a za 1000din :(	0
Kasnili su pola sata, pomfrit je bio hladan, meso mlako. Palacinke tople ali testo kao guma. U sustini nije to nesto lose ali opet mislim da trebaju obratiti paznju.	0
Cezar salata je bila savrsena. Isporuka brza. Sve preporuke.	1
Hrana je stigla kasno, prilozi koje smo porucili i PLATILI nisu bili u hrani uopste. Da ne pominjem da je sve bilo hladno. Ovde NIKAD VISE.	0
Super kao i uvek! Narucen veliki giros i palacinke eurokrem/plazma.	1
Narucili smo picu, kapricozu! Pica je stigla hladna i zilava, dostava je kasnila 20 minuta. Sve u svemu bachenih 1000 dinara! Poslednji put naruchujemo ovde!	0
gladni smo. pozuriteee	1
dostava malo kasnila, nema priloga, kobasica uzasno slana, sve u svemu 1.	0
Svaki put ispoštuju posebne zahteve. Dostava uvek besplatna kao što je i naznačeno, i što je najbitnije - na vreme. Nemojte se pokvariti! :)	1
Ukusno ukusno ukusnoooo! :)	1
Hrana je ukusna, nema sta ali porcije su premale za date pare! Od takvih procija ne moze ni dete od 5 godina da se najede... Narucili smo americki i engleski dorucak.	0
Pica je bila ukusna, ali je usluga prilicno losa. Prvo su me zvali da me pitaju koja cena mi pise na donesi.com nalogu, pa sam onda cekao sat vremena, da bi mi na kraju stigla hladna pica.	0
sat vremema cekanjam, lepinje tosta bajate uzas.	0
Stigao giros sa random prilozima. Nije toliko los ukus samog mesa... ZAto su spagete sasvim ok!	0
Super klopa za nas troje!	1
Narucio sam 2 pice, obe su bile hladne i poprilicno bezukusne. posna pica sa tunjevinom ima maximalno 10gr tunjevine... sve u svemu, nezadovoljan	0
Vegeterijana je stvarno bogata pica, nije se stedelo na resursima :)	1
bezveze je crunchy piletina i mala porcija	0
Teletina sumnjam da je teletina, sos je ocajan. Ovo je najgora dostava hrane koju sam u zivotu narucio.	0
Sendvič bi, definitivno, mogao da bude malo bogatiji sa premazima i mesom.	0
Nazalost nije cisto junece meso kao sto pise... Ovi ljudi koji komentarisu ovde ocigledno nikad nisu probali prave cevape od cistog juneceg mesa...	0
A gde je fil? Nadje se ponegde, u tragovima. Ocajno, samo se testo oseca u slatkim palacinkama.	0
Sve pohvale	1
Brzo zaustavljanje gladi u bilo koje doba.	1
Pizza je stigla pre vremena vruca i socna,zaista odnos cene i kvaliteta je odličan jedna od boljih pizzeria u gradu	1
Mnogo jaka cena za osrednji kvalitet hrane, dezert za tu cenu je nula!	0
lose, nije sveze, bas lose	0
korektan has, ali skupo u odnosu na kvalitet..dostava ok	0
ukusno njam	1
Hvala odlicno	1
jeo sam i bolje burgere...	0
Karbonare su sa makaronama i jako lose napravljene. Pica je gorka i loseg ukusa.	0
Test uzas kao u nekim seoskim picerijama,suvo lao barut...jedina svetla tacka je ljubazni dostavljac...	0
Znam da ovom komentarom neću doprineti mnogo,ali ovo je sve bilo perfektno,ževap dobar sočan,uštipci odlčni,pečurke jako dobre...Sve u svemu opet ćemo naručiti...Ispoštovano vreme...	1
Standardno bez greske	1
Otkako narucujemo hranu iz restorana Mile brza hrana i kuvana jela zasad je sve bilo bez konkurencije, sve pohvale za hranu i cijene!!!	1
Uzasno!!! Nista gore nisam jeo, mala porcija, a preskupo, ni P od pecuraka, sramota 765 dinara, pilece belo na bilo kom kiosku je bolje od ovoga.	0
Toplo, sveze, ukusno i brzo! Sve pohvale	1
Odlicna pica, svaka cast!	1
sasvim prosecno ok.	0
mogu da kažem da sam vrlo prijatno iznenađen, iako ima dosta izbora pizza u ovom gradu, jako je teško naći dobru... Sve preporuke!	1
Spagete male porcije :/	0
Jako losa pica, cevapi su ok	0
Brzina dostave, usluga, hrana - sve za pohvalu.	1
Meso je bilo zilavo, pomfrit nedovoljno isprzen, krastavci debelo sjeceni, prilozi izmijesani, narudzba ne ukljucuje hljeb (iako u restoranu kazu da je hljeb obavezan).	0
Narucili spinaci, koja je dosla u zakazano vreme, ali, rekao bih da smo vozacu bili poslednja adresa. Pica, jedva mlaka... :(	0
palacinke su ledene i uzasne	0
Very tasty deserts	1
Odlicna pica i palacinke, a nije ni skupo. Preporucujem	1
Ali se sada ne snalaze i ne donose je. Molim vas obrišite iz jelovnika ono što ne možete da isporučite.	0
ikvarili su se mnogo, tesko je naci fil u pitama	0
Nije da je losa, ali moze to mnooogo bolje, dostava je kasnila 20 min, al ne bitno, pica sa prsutom nije sa prsutom nega sa suvom pecenicom. ocjena 3	0
Sve preporuke.	1
Vrhunsko gravce!	1
Dobra hrana, kolicina porcije je vise nego zadovoljavajuca, usluga odlicna. Sve pohvale.	1
"Narucio sam picu na kojoj pise ""Paradajz sos, origano, kačkavalj, kulen"" dobio sam picu sa krastavcima i paprikom."	0
Fantazija!	1
Ono sto sam dobio nije imalo veze sa picom. Totalno nejestivo,iskreno sam razocaran!!!	0
Brzo, toplo, ukusno.	1
kakvo prijatno iznenadjenje,bravo .	1
Narucio sam picu Diavola sa dodatnim maslinkama, pica je dosla sa samo dve maslinke... Dostavljac je kasnio skoro pola sata... Veoma los utisak... Verovatno vise necu narucivati kod njih...	0
najboljiiii	1
Prosečno, ništa posebno. Zameram generalno veličini pizze, mala je kao sendvič a velika je kao kod drugih mala. Naručite za jednu osobu dve velike a za porodicu 10 malih.	0
Dostavljeno bez soka i jednog priloga... A naplaceno.	0
Ili ne citaju sta stavis od priloga, ili nemaju priloga na stanju. U svakom slucaju ne stave ono sto zelis!	0
Doneli ste mi zivo nepeceno meso ( zlatiborska vesalica)	0
Na najavljenih 40min oni dolaze za 80min...stvarno nema smisla! narucen giros koji je veliki,meso je ok al cacikija nigde nema?? cene su ok,ali nema razloga da ponovo narucujemo iz ovog restorana...	0
Narucene lazanje koje su ok i palacinka nutela/plazma koja je bila kiselkasta,a od nutele ni n,pre ce biti da je bio neki eurokrem.	0
Super brza isporuka, preukusna hrana, sve preporuke!	1
"Narucila sam ""Mikado set"" i desert ""Malibu rolls""; Sam set je bio osrednjeg kvaliteta, za razliku od deserta koji ima sve moje pohvale."	0
Dostava je kasnila pola sata, palacinke dosle, naravno, hladne. Dostavljac se nije ni izvinio, a prosli put je napomenuo da ocijenim ovde restoran, pa evo.	0
Dobra pica. Debelo testo je taman prave debljine, nije kao u Cao piceriji predebelo. Za tanko ne znam. Ko voli ljuti preporucujem da naruci ovo. Velicina taman za jednu malo jacu osobu :)	1
Sve je stiglo na vreme, relativno ukusno, medjutim kari pirinac koji sam narucio je bio uzasno ljut. Do te mere da nije moglo da se jede. Narucivao sam ga 20 puta do sada, nikad nije bio ljut.	0
Porudžbina je stigla veoma brzo, a porcija je bila veća od očekivane(videti sliku). Veoma ukusna klopa za male pare. Svaka preporuka.	1
Lose.Lose. I lose. Nesto se desilo sa kvalitetom njihove pice, sto ne mogu da skapiram. Uvek su bili dobri i u restoranu i na dostavi. Nadam se da ce se vratiti starom kvalitetu.	0
Odlicna hrana i brza isporuka kao i uvek	1
Izuzetno brza dostava, veoma ukusna hrana, definitivno jedan od najboljih restorana	1
Sasvim korektan ukus, dobra porcija i brza dostava!	1
jedino od njih narucujem probala sam vise restorana ali ovi su def najbolji i usluga i hrana brzi jeftini sve super!!	1
dostava kasnila,  stiglo  posle 90 min, hladno, pomfrit u životu sitnije seckan nisam video,  hrana ok i ako je bila hladna	0
Veoma brzo i kvalitetno, peti put poručujemo, svaki put je ekstra.	1
Skupo naplacuju dostavu koja pritom kasni. Ukoliko vam treba dobra usluga izbegavajte.	0
extra je sve	1
meso zilavo,spremljeno lose i poprilicno bez ukusa!	0
narucio sam mafija burger koji je bio izuzetno mali i neukusan	0
Dostava se naplujecuje dodatno pored računa od Donesi.com	0
Sve pohvale	1
porcija krilaca odlicna, uz koju stize tek pecena lepinja a ne neka bajata, tartar sos, kupus, pomfrit sve u svemu petica,	1
Dostava u roku. Testo ukusno ali pomalo zilavo. Puno brasna ispod pice. Kackavalj kiseo. Siromasna pica - dva listica sunke i jedna pecurka na celoj Capricciosi!	0
porcije su manje (i srazmerno jeftinije), idealno bi bilo da su x1.5 veće i x1.5 skuplje	1
isporuka kasnila 15-ak min. pica je stigla hladna.	0
Gde je meso rodjaci?	0
Odlicna hrana!	1
Zakasnili pola sata, doneli sve hladno i zaboravili jednu kupus salatu negde usput...	0
Stiglo za sat vremena, ali nije sveže, pomalo bezukusno.	0
opet zadovoljni hranom	1
Preporuka.Obilne i ukusne porcije.	1
Sve super, dostava u minut tacna	1
Odlicna hrana, dostavljac ljubazan maksimalno kao i uvek, palacinke gratis !!! Sve pohvale !!!	1
proslu put super, sad uzas	0
hrana je ukusna, ali su porcije premale. Velika porcija u Jao Mingu je manja od male u Zmaju	0
Hrana im je stvarno dobra,ali mislim da vise necu nikada da narucujem kod njih,progutao sam kasnjenje od sat i po,ali sada sam ih cekao vise od dva sata.Sramota.Jako loseeeeeeeeee	0
Previse pavlake, a testo zivo. Sve ostalo dobro.	0
stiglo bez stapica, bez salveta.. hrana ok, nigde ne pise da u porciju ide pirinac.. stiglo vrelo, a dostava kasnila,75 min za dve ulicd od njih.	0
Preporuka. Hrana ukusna, porcije  pristojne.	1
cekao sam dostavu predugo . 1.35 min	0
kasnjenje 20min, sve hladno, index ocajan, salata još gora.. americki burger moze da prodje	0
stigla je samo jedna palacinka!!!	0
Dostava jako kasni, a hrana sama po sebi nije nista specijalno.	0
Odlična pica po ekstra ceni. Zahtev da bude rešija ispoštovan do kraja.	1
Prva dva puta odlicne porcije, treci put njoke raskuvanje,duplo manje i hladne, ista porcija kao proslonedeljna a kao da je iz drugog restorana... lose...	0
pica zagorela a palacinka sa kremom i nije bas sa euro kremom ali ok, stigli ljudi na vreme da donesu....	0
sve siglo na vreme,toplo, ukusno	1
Hrana nije dostavljena za 30 minuta kako je napisano.	0
Pica je stigla za manje od pola sata, topla, ukusna ali stedite na kecapu :)	1
Ako se palacinke prave 2 sata onda ih od sada pravite sebi	0
Najbolja pica u NS	1
jedan ne moze sam da ga pojede!	1
Kvalitet hrane  u dostavi znatno opada, za razliku od one servirane u samom restoranu. Kašnjenje zagarantovano.	0
Odlična i brza usluga. Hrana ukusna a porcije odlične.	1
Pomesni prilozi potpuno! Negde fali, negde previse.	0
Sve preporuke, brzo, ukusno, ljubazno.	1
nezamenjivi	1
Jako lose...Narucene 2 cezar salate i obe su napravljene bez piletine... Jako veliki propust, prosto neverovatno da se to nekom desi. Pri tome se niko nije javljao na telefon da im prenesem primedbe.	0
Brza usluga .fenomenalni su	1
USLUGA I HRANA NA NIVOU KAO I UVEK!	1
za malo para,ogromna  porcija,ukusno,dostava stigla dok sam se okrenuo,sve je super	1
Fantasticna pizza, stigla porudzbina pre vremena, sve preporuke!	1
Iz ovog restorana sam narucio 2 borita i pohovani sir,a nisam video ni jedno, ni drugo. Bukvalno narucio i ostao gladan,iako nisam jeo od 14h. Svaka vam cast.	0
jedna od najbednijih narudzbina koje sam dobio,	0
sve pohvale. i dalje ste najbolji i najbolji giros pravite. sto se dostave tice 100 zvezdica, pisalo 35 min a stigla za 22min :)	1
meso zilavo... pirinac nekuvan dovoljno ...  neverujem kad citam komentare ispod  da je neko odusevljen ... retko se odlucujem da nekome dam losu ocenu ali ovo je stvarno bas lose bilo...	0
relativno ok uz pogresno isporucenu piletinu sa bademom umesto teletine..	0
Dostava je stigla za 45 minuta kao sto i pise i zvali su me da me obaveste da se naplacuje dostava,ali je pica bila uzasna i doneli su je hladnu,fujjjjj	0
Corba i medaljoni u pecurkama i siru, sve odlicno. Corbu smo porucivali na drugim mestima, ova mi je najbolja.	1
Pica stigla u naznacenom vremenu, topla, bogata. Svaka preporuka.	1
Od Piletine u Slatko-Kiselom sosu ... dobio sam samo Kupus , sosa nista a meso nema potrebe da spominjem. Za pohvalu jedino vreme dostave.	0
Najbolja pica u gradu, odlična dostava	1
Ekstra pice, bas sam se odusevio. Dostava brza, sve 5ca :)	1
ekstremno uljudni. Hrana ukusna, vidi se da je sveze spremljena. Porcije i vise nego dovoljne	1
sve je bilo super.	1
Doneta pogresna porudzbina, pritom jelo se skroz ohladilo!!!	0
nazalost, jedan od losijih obroka kineske hrane. Ne bih preporucio restoran	0
Brzina dostave je za svaku pohvalu,samo mi nije jasno kako za tako kratko vreme uspeju rolnice da se ohlade... i to skoro svaki put,prethodnog puta je i hrana bila hladna.  Jeo sam i bolje...	0
po drugi put narucio,stiglo na vreme,toplo,sveze...dobra klopa	1
Super pizze, tacno na vreme!	1
vrlo dobro	1
Sjajan restoran. Još uvek mi se nije desilo da sam neku porudžbinu čekao duže od pola sata. Hrana je, takođe, veoma ukusna. :)	1
Bravo!! Svaka cast!	1
Vec treci put narucujem kod njih i uvek je sve super i dostave pre roka. Pohvale.	1
Nije vam meso nešto. Ne znam gde nabavljate, ja bih im zavrnula uši.	0
Dostava je dosla 25 minuta ranije ali hrana i bila nepodnosljiva do tog nivoa da smo bacili sve slano i pojeli slatki cips jer za sada , to je jedina stvar koja moze da se proguta.	0
Odlicna i usluga i kvalitet, cak 25min ranije je stigao momak juce po pljusku, SVAKA CAST!	1
Pasulj savrsen, kao i sve ostalo.	1
Drugi put narucujem i oba puta me zvali da se izvine da nemaju to sto sam porucila,nazalost vise necu narucivati ,neozbiljno je prihvatiti porudzbinu za koju nemas sastojke.	0
Prvi put narucujem i prezadovoljna sam!!! testo savrseno, bogato punjenje, mnogo prsute,fete i rukole, stigla vruca i na vreme. ODAVNO NISAM JELA BOLJU!!! Preporucujem svima koji vole prve pizze....	1
Odlična hrana, Cene su dobre a dostava je tačna bez kašnjenja. Sve phovale!	1
svaka cast samo tako nastavite , dupli cizevi fenomenalni	1
svaki put kvalitetna hrana, pljeskavice su izvrsneee	1
Nikad gore. Ljuto, masno, cudnog ukusa. Lici na sve samo ne nasos bolognese. Bacenih 400 dinara!	0
ukusna,topla,stiglo za 15min iako je pisalo 45min. sve pohvale	1
Hrana je stigla posle 1h 30 min, umesto za predvidjenih 45 min. Jela su bila potpuno hladna, a slanu palacinki sam dobila sa komadicima polomljenog tanjira, ili neke druge posude.	0
Od 9 porudzbina, nikom nisu stigli Onion rings.	0
Naručili smo veliku San đovani picu. Pica je odlična, bogato filovana i ukusna. Dostava je bila brza, dolaze do vrata, što je veliki plus. Sve preporuke, sigurno ćemo ponovo naručivati.	1
"Nedovoljno pečeno testo, pelat se jedva oseća, nema feferona na ""Mađarici"", rub jedva punjen sirom. Dostava na vreme. Prvi i zadnji put naručeno."	0
Sve pohvale!	1
Sve najlepše pohvale.	1
Nista spec	0
Dzaba napisete napomenu kad niko ne cita... Par puta vec isto, necu vise porucivati od njih ovim putem, jer ne dobijem ono sta trazim...	0
Sve ok, dostava tacna u minut, pizza topla (napolju je 36 stepeni :) ), jedini se kecap prosuo po kutiji.	1
stiglo mlako, dostavljač malo kasnio, ali... nije loše.	0
kad saberes i oduzmes utisak nije dobar,precudan ukus pizze,kao da je sir bajat ili sta god	0
'nako. ne bih preporucijo, nije ni prici onom sa slike, meso nisam ni video ni osetio.	0
Kasnili 15 minuta, kvalitet OK, kaprićoza možda za nijansu prepečena, ali dobra. Dimenzije kao što stoji u opisu.	0
Nije nam stigao hleb, nisu ni cevapi sa kajmakom stigli nego sa lukom pa sam se zalio i onda naknadno dobio kajmak kada su se vec ohladili i onda su i hleb poslali posto su i njega zaboravili....	0
Nesto mi nije jasno..... ako pise da se rostilj dobija u obroku, da je u to uracunata salata, pomfrit i sta vec, zasto sam ja za taj novac dobila samo sis cevap????	0
Losa cezar salata	0
Dostava na vreme, odlicni cevapi i pomfrit, nastavite tako :)	1
NIJE LOSE ,NIJE LOSE	0
Hrana je isporucena sat vremena posto je isteklo napisanih 45min...	0
fantastično :3	1
Odlično, sveže i brzo! sve preporuke	1
Godinama narucujem i nikada se nisam pokajao na Ozon picu. Bogata i kalorična!	1
sve je super osim pirea... steta. samo da je pire od pravog krompira sve bi bilo savrseno. vitaminska salata naj bolja ikad!	1
Premale pice za prevelike cene! Testo je bilo presušeno. Dostavljene su na vreme.	0
Moja teleca corba, pire krompir i pileci file stigli su u iznenađujuće brzom periodu, do 20 minuta.Klopa sjajna, jos vrela...njami...jedva sam cekala da otvorim i prionem na istu.	1
alo bre, zilava jako, ko gumu da jedem....popravite to....	0
Prezadovoljni smo	1
kasnili su. Narucili dve corbe i sendvic. Corbe se isprolivale, sendvic mokar. Nista za predugo cekanje, skup i mali sendvic - za izbegavati	0
Cezar salata Vam je za svaku pohvalu, samo tako nastavite.	1
beda. raspada se, jaje u tecnom stanju.	0
može to mnogo bolje.. od pola kila testenine.. plus hladno..	0
Losa i zagorela pica, izbjegavati	0
Sve je bilo odlično.	1
po mom ukusu extra je testo, i fil, samo malo manje pecuraka	1
super super super jako brzi divna hrana sve pohvale!!!	1
Ukratno, stiglo toplo i na vreme...	1
Naručila sam pre sat i po i i dalje čekam (a po onome što sam čitala, verovatno mi neće ni stići isporuka)... Razočarenje.	0
Sjajna karađorđeva, meso mekano i sočno, prilozi super. Muž kaže najbolje što je jeo iz Fetish food-a.	1
sve je super i dostava je brza, jako smo zadovoljni. preporuka je samo da ubacite i dezert u ponudu, po mogućstvu profiterole :-)	1
Uzas, skupo, plasticno, neukusno...	0
Prvi put i naručujem i iskreno sam raspamećen .... FENOMENALNO ..... Najiskrenije ..... Ne ostavljam inače komentare ali sam sada morao .... FULL ....	1
Dostava je brza, ali je hrana bezukusna za nesto sto bi trebalo biti zacinjeno...	0
male porcije velike cene	0
donesena brzo , topla , ukusna , moja preporuka svima	1
sve najgore znam da nije losa pica kao kvalitet ali hladna pica koja kasni nikako ne moze da ostavi dobar utisak..ovaj baja sto donosi ne zna sta je ljubaznost...nadam se da citaju ovo	0
dostava uzas	0
Poprilično bezukusno. Ni nalik kineskoj hrani.	0
Hrana stigla sa zakašnjenjem od 30 minuta. Lepo zapakovano, toplo. Kvalitet i ukus hrane vrlo slabi.	0
veoma los kvalitet mesa + piletina je toliko preslana da ne moze da se jede...	0
iako je pisalo da ce biti za 60 minuta, stiglo je za 2 sata. Nuggetsi hladni	0
Narucili smo dve paste, sosevi su bili ok, ali su i pene i taljatele bile uzasno raskuvane i bezukusne. To je nesto na cemu bi definivno trebalo poraditi.	0
italijanski minjoni su prepuni testa, a malo dodataka...	0
Ukusno, toplo, pravo uzivanje	1
prezadovoljna	1
Pica je bila ok nisam nesto preterano odusevlje.	0
medaljoni i vise nego ukusni, sve stiglo toplo i brzo. sve pohvale za Taze Toplo :)	1
Hrana ok.Pomfrit porucio 200 grama,stigo je daj Boze 50	0
Sve na vreme.Klopa super.Hvala Vam!!!	1
najgora margarita IKAD..nehumano suva,tanka,bezukusna..nikad vise od ovih ne uzimam.. Jedino dostavu da pohvalim,korektna skroz..	0
najbolja kineska hrana! :)	1
paa sad....	0
Club sendvic solidan Ali predebeli parcici koji ispadaju bas bezveze. Za palacinke cool sto su dve I lepo smotane ali neceg sto je trebala da bude Nutella- pre malo!!! Razocarani	0
Brza dostava,uvek vrela pica, odlican ukus pelata. Sve pohvale!	1
Burrito Beef je  burito sa sirom mesa jedva da je bilo	0
nishta strashnije i bajatije nisam probala u zhivotu	0
Sve odlično,od kvaliteta do brzine isporuke,bravo!	1
Super ste :)	1
...narudzbina i dalje nije stigla. Niko se nije javio o kasnjenju, a prihvacena je porudzbina na 45 minuta	0
Pizza nije stigla ni posle nesto vise od sat i po vremena, usluga katastrofa. Jedno je sigurno, nikad vise.	0
Prvi put narucujem ovde. Meso je bilo ocajno,posle drugog zalogaja sam bacila giros. Usluga je dobra ali je kvalitet 0.	0
Dostava je kasnila. Pomfrit je bio suv, neslan i neukusan. Slana palacinka bez pavlake, suva i zagorela...	0
Stiglo na vreme. Pasta vrela, gratis koka kola ledena :)	1
hrana preukusna kao i uvek! :)	1
Stiglo veoma brzo, lepo zapakovano i toplo :)	1
Nema nutele u palacinci sa nutelom. Nema nicega. Lose je sto se naplacuju svi prilozi. Ako narucite kislele krastavce kao prilog dobicete cetvrtinu isecenog. Sve pohvale za dostvljace.	0
Dobra pica, dobre palačinke.	1
"nisam dobio pribor,pasta se ""stvrdnula"" bila dosta suva ne socna,palacinke narucene sa nutelom,ono je bilo sve samo.ne nutela...pohvale za dostavljaca"	0
Pica sa dodantim kačakavaljom je bila vrhunska!	1
Jedne od najboljih pizza u gradu	1
Porodicna na akciji je super i cenom i kvalitetom. Pica vruca i ukusna.	1
najbolji ste,ukus i kvalitet bez texta,dostava kao brzi Ginzales stvarno svaka cast,odusevljen sam i prezadovoljan samo tako nastavite :)	1
Moglo bi malo vise sunke da se stavi i ovu salatu zelenu sto sam rekao da ima mnogo vise	0
Savršeno, kao i uvek! Toplo, stiglo deset minuta ranije, preukusno... pomfrit takođe vrhunski!	1
Dostava je bila na vreme, pica je bila fantasticanog izgleda i jos lepseg UKUSAAA. Samo tako nastavite!!!!! Svaki komentar vise je suvisan!!!	1
nema sta da se kaze. hrana je odlicna ,higijena na nivou ,usluga super i prijatno osoblje.	1
Premala porcija a preskupa!Dostavljac nije imao kusur iako smo ostavili baksis.	0
ocajno mala i tanka pica za 535 dinara. na kaldu je tolika pica 250 dinara	0
Paca kasnila, stigla mlaka, a i nije baš nešto sjajna... Sve u svemu, prosek...	0
samo je jedna brza hrana :)MINUTA ostali  su i magli :) pice burgeri sve na niovouuu	1
Pljeskavica polu-ziva. Kupus salata je u stvari salata od korena kupusa. Dostava spora. Palacinka  vise gorka i slana nego slatka, a testo gnjecavo.	0
Pizza je preukusna, i bogata :)	1
tople preporuke: sve od salate, glavnog jela do lepinje sveze  I ukusno, pozamasne porcije. Hvala lepo, narucicemo opet	1
definitivno	1
Sve petice usluga brza , hrana sjajana sve najnaj.	1
) take this and don't hesitate, super delicious)	1
Prijatno iznenadjena!	1
Brza dostava, pica fenomenalna!!!	1
Vec 100x porucujem i svaki put su odlicni, (uglavnom Vezuvio i Capricciosu). Svaki put dostava na vreme, sve preporuke.	1
Sasvim korektan ukus, dobra porcija i brza Dostava	1
Dostava na vreme, hrana topla, veoma ukusna, količina idealna za jednog prosečnog čoveka. Pohvale i preporuke.	1
Odlicno kao i uvek, popust od 10 posto nas je prijatno iznenadio :)	1
Jednoglasno - 5.0	1
nekada stvarno dobri,danas totalno suprotno...narucim giros a u njemu prilozi koji se njima svidjaju ocigledno...porcija mala itd....moj poziv sigurno vise nece dobiti...	0
Ukus prihvatljiv..a kolicona,mozda dosta za kolibria...	0
Dostava kasni, cena dostave nerealna, restoran napisao racun sa cenom dostave 250, dostavljac rekao da je restoran pogresio i trazio 450... Sve u svemu, tesko da cu ikad opet porucivati od njih!	0
Skoro sve je identičnog ukusa. Ocene su u potpunosti vezane za hranu, usluga je ”dobro” iako je bilo zabune i klopu smo dočekali tek posle 1h i 20m.	0
Cezar salata sa majonezom?!	0
Oskudno filovana, bez maslina, bez bosiljka, bez pančete, i sa jednom vrstom sira umesto tri. Ne preporučujem	0
Naručujem često kod njih, paste su im odlične. Savet: malo su bolje ako uzmete taljalete umesto klasičnih špageta. Dostava uvek stiže na vreme, uglavnom i ranije.	1
maslinek koje su naveli u spisku sastojaka nisu stavili ni na svako parce tako da je bilo nekih parcica sa malinkama i pavlakom i nekoliko bez i to asimetricno.	0
Klopa super,brza dostava	1
Najveci i naj ukusniji giros u gradu.  Sto se tice cene sasvim je korektna jer su porcije velike Dostava je stigla za 20 minuta a rekli su 30 savaka cast . Samo tako nastavite .	1
Najbolja pica u Novom Sadu	1
Velika porcija, hrana ukusna. Odlicno!	1
Odlicne pice i dobra usluga	1
Sat vremena im treba za dva kilometra	0
dva puta je roštilj bio odličan, i onda treći put potpuno bezukusan... i još nije u potpunosti ispoštovana narudžba, naručio sam piletinu u slanini a dobio pileći file bez slanine...	0
Ustipci su super, palacinke su lepe i velike sa mnogo dzema.	1
Pileca krilca su kao kuvana i ne mirisu lepo, ukus tek nikakav.. Porucili smo i rebarca od kojih (bolje reci od kojeg rebarceta) nemas sta da pojedes pritom je i masno..	0
Hrana je bila ukusna. Ispoštovan poseban zahtev. Dostava za oko sat vremena. Zadovoljna sam uslugom ovog restorana!	1
Izbor dobar, cene nisu lose, usluga kasni, kvalitet - ne bas sjajno.	0
Porucena teleca corba i juneci ribic .Dopala mi se kombinacija ribica sa povrcem (uglavnom sam pre uzmao sa kajmakom).Sve je bilo toplo ukusno i lepo upakovano..Sve preporuke za ovaj restoran .!!	1
vreme dostave predugo.	0
Najbolja pica koju sam jeo u poslednje vreme.za svaku preporuku	1
Dobar roštilj, povoljna cena.	1
Index je bio suv i hladan. Stigao na vreme	0
Narucili razne varijante sushija i to je uglavnom bilo ok, ali svinjetina sa nudlama je ocaj, meso cudnog ukusa i suvo, a nudle kisele, ne po nasem ukusu.	0
Dostava stigla na vreme, međutim pica je bila hladna.	0
hrana stigla posle sat i 10 minuta...kvalitet prelos.	0
Svaka preporuka	1
Portion was big, lots of sour cream and red beans. Unfortunately the food arrived cold	0
Nista ne valja,uzas,nikad vise necemo jesti kod vas.	0
Odlicno jelo!	1
Sve pohvale, nemam nijednu zamerku.	1
Za sada najbolja usluga i najukusnija hrana! Preporuke!	1
Ok klopa, stigla na vreme, veoma topla.	1
Cesto narucujem iz ovog restorana i imam samo reci hvale. Brza dostava, odlicna hrana . Energetski miks savrsen napitak i pravo osvezanje na ovu vrucinu.	1
Brza dostava, odlična hrana.	1
Naručeni čizburger, indeks, veliki pomfrit kao i Jaffa sladoled (koji se ovde inače ne nalazi na spisku). Sve je stiglo na vreme i bilo je odlično.	1
Pasta krajnje prosecna i dostava se placa 250din!!! a nigde ne pise	0
Probali smo par različitih pizza, svaka je fantastična! Sve preporuke!	1
Brza isporuka preko potrcko. Ali male zamerke na hranu i dodatke. Stavljen je senf koji nije bio porucen kao i pavla sa susamom koja nije imala susam u sebi i pomfrit je suvise masan.	0
super i ukusna pileca supa.	1
Preporuke :)	1
Fantasticno, bogato, ukusno, cak i lepse nego na slici... Nikakve zamerke samo pohvale.	1
Vrhunski! Lepinja je čak bila i vrela, kao i karadjordjeva. Velika porcija baš. Dostava i pre roka. Svaka čast!	1
Sve osim pomfrita koji je zilav	1
Delivery was 2 and a half hours, they didn't call in advance to tell that, food was called and all smashed. I couldn't even eat it, so I threw it away.	0
Piletina je odlična, prilog fantastičan, pohovane lignje u sečuan sosu na mestu kao i uvek! :)	1
u poslednje vreme mi svaki put zabrljate narudzbu nikad ne dobijem ono sto sam narucila... sos vrlo cesto zaboravljate.	0
NAJBOLJI JEDVA CEKAM PICU MADJARICU  :ddddd	1
Uvek na vreme i kvalitetno:Solidan izbor, ukusno i kvalitetno. Za preporuku.	1
Ozbiljno, ćevap za medalju - mali, sočan, slan.	1
Toplo, ukusno, bez greske sve	1
ocekivao sam vise povrca Uz meso, pritom dosta jadna porcija.	0
Jako neobicno i ukusno. Pica je stigla bukvalno vrela. super..	1
ne biste hteli da znate jer nije bas bajno ;)	0
Sve pohvale! :)	1
Pomfrit im je osrednji, ostalo je savrseno, posebno dezerti!	1
pizza je sjajna	1
Vratih se iz Italije posle 3 nedelje i nakon budzavih pasti spageta i sl stvari vi ste mi bili prvi izbor domace hrane , msm da nema potrebe nista vise da kazem , samo tako nastavite ljudi !!!!	1
batak polu ziv, narucili malo luka u punjenu doneli 4 glave polu iseckane, dupli chees odlican	0
Kasnili su podosta, vreme dostave je bilo 60min stigli su posle 100min, ali moram da priznam da je vredelo... Mrzim da cekam i mrzim kasnjenja, ali paparaco pica je bila bas odlicna:)	0
Stvarno super hrana. Brza isporuka, super palacinke, vrela pica, hladni sokovi, sitan novac, znaci sve :)	1
Klopa nije loša, lepo je zaljućeno, ali je daleko od meksičke hrane. Nedostaju pasulj, kukuruz i luk da bi to bilo to. OK je ako neko hoće da se najede pavlake i kačkavalja.	0
sve pohvale. :)	1
nisam impresioniran, pica stigla skoro hladna...	0
restoran za svaku preporuku	1
piletina sa prazilukom a nigde praziluka, samo kupus...	0
Više puta naručivali u firmi. Porcije sve manje, cene sve veće. Kikiriki više puta bio užegao.	0
Zakasnili ceo sat, pica na sprat je nekad bila pojam, zadnja dva puta nije ni prosek..inače gusti sok u meniju je la vita..  Ne bih više naručivao..	0
klopa je osrednjeg ukusa, a kasne, vala, bogato!	0
Super krilca i kobasice!	1
Ovo nam je treci put da narucujemo iz ovog restorana i svaki put smo odusevljeni. Pasta na vreme i vruca, cena smesna. Neverovatno!	1
A sad odoh da naručim ponovo.	1
Od svega, najzadovoljniji sam brzinom dostave... Piletina suva, isto kao i dzigerica, samo nabacano u ono pakovanje, razocaravajuce... Necu opet ponoviti gresku i naruciti ovde...	0
neslano za moj ukus i nedovoljno zacinjeno	0
Dostava je stigla u rekordnom roku, porcija je bila velika i veoma ukusna, sve preporuke	1
Taman kad sam se ponadao da ce nastaviti sa super spremanjem klope .. dobio sam sledece ... Misilm da je svaki komentar suvisan ,,,,	0
Nije dostavljeno sta je naruceni, dostava kasni i nema nivac da vrati kusur. hrana ok ali usluga losa jako losa...	0
Klopa je vrhunska. Dostava brza. Nikad ne kasne. Sve pohvale!	1
UVEK kasne 30 ili vise minuta. Ako zurite ovo nije mesto za vas. Isporuka traje 90min do 120min.	0
Ista prica	1
Kao i uvek, super pizze iz Hedanse! Veliki plus za besplatnu dostavu!	1
Jelo je stiglo totalno hladno.	0
Ukus je prilično dosadan. Ljuto opet nije ljuto. Cena je povećana, a količina mesa u špagetama je bila sa nekoliko parčadi mesa!!!	0
Ne znam da li je ukusnije ili brze dostavljeno, svaka cast. 5+	1
prvi put narucujemo, nismo se pokajali. jeli smo Mile pljeskavice (sa pomfritom)	1
Dugo vreme dostave	0
Pre vremena, najbolja pica u kraju	1
nismo dobili  ono sto smo narucili ... razovarenje	0
Donekle mogu da razumem kašnjenje od 15 min... Ok 1.januar i sve to, ali živu picu, testo nikakvo, pelat bezukusan to ne razumem, pica je morala da završi u kanti... Mnogo para za malo muzike...	0
hladan obrok, a piletina jedna od losijih koju sam probao... za izbegavati...	0
Narucio ,dali vreme isporuke 60 min,cekao sam 100min,i odustao sam,jer 10 min zakasnjenja bih tolerisao ali 40 tesko.	0
Pirinač prekuvan pa presušen usput, slatko-kiseli crveni sos = ukuvani kečap, povrće skoro načisto živo, sve premasno... ukratko, ako je ovo kineska klopa, ja sam ribizla. Skoro nejestivo.	0
Predobra, odlične akcije vikendom!	1
Hrana je...sta znam...ok. Dostava brza, ali preskupa. Sve u svemu - never again.	0
ovog puta ste nadmasili sva moja ocekivanja. svaka cast.	1
narucila sam Capriciozu, i nisam impresionirana, testo je bilo malo gnjecavo pretpostavljam od toplote u kutiji na foliji. Ukus, cudan, nekako kao da namirnice nisu bile sveze, pre svega paradajz.	0
fali kola za pice i hrana nije bila dobra... tuna salata ima samo miris od tune... nezadovoljan :(	0
Skoro savrseno, samo mi lepinja deluje manja nego sto bih trebala da bude.	1
Paelja je jako losa, bezukusna uglavnom a morki plodovi su uzasnog ukusa. Zaboravili su da nam posalju jedno jelo. Porcija cufti je mala, Taquitos sa piletinom je bio ok.	0
Narucijem već dugo kod njih i prezadovoljan sam. Šteta sto nemaju veći izbor jela sa plodovima mora.	1
Isporuka je kasnila 20 minuta od recene. Palacinke su siromasne i preovladava ukus testa. Za 330 din smo ocekivali mnogo vise.	0
Pice nisu bile lose, bogate, mozda malo pretrpane.	0
Pohovani kackavalj u lepinji je stigao sa mozda 30gr kackavalja, sve ostalo poh. Skoro potpuno hladan. Pohovano belo meso u lepinji nesto bolje, takodje hladno. Prevareni smo, nikad vishe.	0
Uzasno malo mesa, za porucenih 350 grama ne znam da li je 90 grama mesa.	0
ocena od 1-10 moze 7.. dostava u vecernjim satima ume i da zakaze..hrana i nije losa..za pohvalu je veliki broj priloga...	0
Odlicni ste,sve pohvale,brzi efikasni i naravno toplo i taze uvke kada narucim,samo tako nastavite	1
Savršena pizza. svaka čast	1
Sve je kao navedeno, stiglo na vreme i fantasticno.	1
Veoma prosečno...	0
I am italian so i know what a good amatriciana is! And this was top quality! Real italian! Cant wait to try the other pastas!	1
Ovako stiglo je posle 1.45 min I jos sam castio 50 din vozaca posto izgleda nema sitno ili mu treba 2 sata da ga nadje.Krajnje nezadovoljan danas sa uslugom al ajd prvi put oprastam.	0
Kasni 25 minuta, i jako je prosecno.	0
Ražnjići su sitni, vrlo ukusni, dostavljeni na drvenim štapićima na kojima su pečeni. Pomfrit je takođe dobar. Cene su povoljne a isporuka brza. Preporuka i nadam se da će ovako i nastaviti.	1
Cekao sam klopu preko sat vremena i naravno kada je stigla bilo je sve hladno i bezveze.	0
"narucis 3 girosa, prihvati se porudzbina...nakon ""minute"" zvoni mobilni i pita se el moze nesto drugo da se poruci posto nemaju girosa uopste."	0
Ne narucujte odavde ako ste pravi ljubitelj kineske hrane	0
Burgeri su izvrsni, meso ukusno i stigli su jos uvek topli... i na predvidjeno vreme...	1
Blago ljuto je bilo neizdrzivo i nejestivo ljuto. Male parocije su veoma male. Utiasak je uopsteno razocaravajuci.	0
je odlicna :)	1
Nardudzbina je kasnila 25 minuta, hrana je dosla gnjecava, raspada se. Naravno mnogo je bolje kad je vruce ali mnogo dugo traje dostava. Pogotovo sto je sve to kostalo 1000 dinara.	0
Hrana je bila pristojna ocekivao sam vise, ali podnosljivo, nego me je iznerviralo sto uopste nisu mi doneli palacinku koju sam narucio... cak je nisu ni pogresili, samo je nema!	0
Jaaaaako dugo vreme cekanja, cak i tada kasne (20min). Iako je pica vrlo ukusna, izgubi se zelja za jelom dok stigne.	0
Isporuka je stigla na vreme, medjutim pizze su bile skroz resh pecene toliko da su ivice bile crne.	0
Jako ukusna i kvalitetna hrana, dobre porcije, stiglo sve na vreme. Posebna pohvala za marinirana rebarca i krompirice	1
Odlicna,za svaku preporuku	1
Excellent food	1
Ja ne znam gde su nasli ovaj pomfrit.	0
Sve pohvale!	1
pomfrit hladan i neukusan; hrana je stigla na vreme ali sendvic se raspao (hleb je bio vlazan)	0
Restoran se nalazi na 15 minuta od mene, bez obbzira na to stavili su 75 min, stigli za sat i po, sa potpuno prosutim sosem po kesi i bez kineskih štapića koji su naručeni.	0
Narucena pica i izabran blagi kecap i debelo testo, a pica stigla hladna bez kecapa i sa tankim testom..	0
Dostava je odlicna pre vremnea stize, ali kvalitet hrane je bas bas los. Sve sto pise pa 90% sastojaka ili nema ili ih imaveoma malo. sve u svemu ocena 1,5/5	0
Najbola kineska hrana u gradu :)	1
Teleća čorba i pica super	1
umesto za 45, stigla za sat vremena. Naravno hladna. Da je bila vruca ili bar topla, mozda bi bila i dobra. Ali glad me morila pa je pojedoh...	0
Odlicna klopa.	1
Kilo dobrith cevapa za 700 kinti ukupno sa somunom, kuticom prave kafanske pavlake i dve kutice salate mladog kupusa...Fino	1
Kasne vise od pola sata, tako da hranu nismo ni preuzeli. Neodgovornost.	0
Dostava stigla tacno na vreme, burgeri su ekstra, bas podsecaju na McDonalds. Moram napomenuti da se vise isplati poruciti 2 obicna burgera nego jedan veliki. Cene odlicne, preporuke!	1
"Apsolutno nista specijalno. Gustin na sve strane (ili sta god da koriste da zgusnu ""sos""). Nudle su spagete kao sto neko reche. Porcije su obilate, ali ukus tuzan."	0
narudzbina prihvacena sa vremenom isporuke 75min a dostavljena posle 2h 30min	0
hrana je ok , ali u poslednjih nekoliko puta pise za 45 min dodju za sat i nesto .. to ima je kod mene minus..	0
Klopa je bila super, svi u firmi koji su porucili su jako zadovoljni.	1
savrseno izgleda, lepo zacinjeno, brza dostava. porucicemo opet	1
brza i ljubazna usluga, hrana vrhunska, a palacinka nutela, plazma, visnja...bruka odlicna :) sve pohvale	1
Previse kupusa I u piletinu sa ind.orahom stavili kikiriki ..ako je neko alergican nek pripazi!!	0
dostava je kasnila 10tak minuta, hrana je bila hladna, Premium burger ne lici ni malo kao sto je prikazan na slici.	0
Hrana je odlicna, ali ljudi, donesite SALVETE!	0
hrana ukusna, cijene realne, dostava za 15 min stigla.. za prvi put sve je odlicno	1
stglo za 22 minuta :)	0
Odlican ukus, kolicina i cena. Nemam nikakvih primedbi. Odlicni, kao i uvek!	1
Pomfrit przen u ulju u kom je prethodno przena riba...	0
Preporučujem mešano sezonsko povrće i piletinu u ljutom sečuan sosu. Preukusno!	1
stigla pizza za 20min vrela i bas ukusna.	0
Kao i svaki put odlična pizza - sve preporuke. Brzina dostave nas je zatekla (najavljeno 45 a stiglo za oko 15 min)	1
sve ok,velike porcije	1
Iako je porudzbina bila veca od 700 din nisam dobila gratis energetsku teglu.	0
narucili karbonare i pasta sa prstom i povrcem. prsutu ni mikroskopom ne mozes pronaci. Obe paste uzasno nekuvane. Prvi put da smo se razocarali u klopu preko donesi.com	0
Veoma brza dostava, perfektna hrana, sveza, vruca i ukusna, dostavljac i osoblje izuzetno ljubazni!!! Za svaku preporuku!!!	1
Odlican ukus! Sve pohvale!	1
Najavljeno za 45 minuta doslo za sat, spolja dobro peceno unutra nedovoljno, samo malo paznje i bice dobro. Cili sos nije ljut?	0
Naruceni dupli burger, palacinka i tortilja. Burger je top. nema dalje. Tortilja isto. palacinka me nije odusevila ali nema veze. sve u svemu top.	1
Odlicna pica, domacinski fazon, dobra cena.	1
Kao 1. Nema salveta, to je sramota za jedan poznati grill. Pod 2. Previse cili zacina u girosu. Mali giros je stvarno mali. Ako nista barem salvete stavite, sledeci put. POZDRAV. PS. Skupi ste.	0
narucila sam picu, znaci ne 10, nego jednu, dostava je bila nakon TRI sata a pica je bila hladna potpuno. Izuzetno losa usluga.	0
dodatno podgrejana time sto stoji nabijena u otvorenoj kutiji secuana?	0
Dobar roštilj, povoljna cena. Svakako narucujem iz ovog mesta ponovo	1
losa pica, skroz!!!!	0
Proslo 2 sata ja nista nisam dobio. Ne morate ni donositi, narucio sam drugu klopu. Inace dobre su teglice, ne znam sta se desilo.	0
zelena salata, dresing, i nekoliko parceta piletine .. uzas, sve u svemu	0
Iako smo narucili preko 900 din. dostava nam je naplacena. Index mlak, palacinka hladna. Dostavljac nije imao da veati kusur.	0
Prvo mi je doneta pogresna porudzbina, na koju sam cekao bar 1h, a kada su mi posle 15 min doneli pravu porudzbinu nisam se odusevio... Momak koji donosi hranu je mnogo dobar...	0
Dostava je besplatna, kako i piše, porcija ogromna ukusna!	1
Ovaj put su podbacili. karbonare špagete bez karbonare sosa. Samo malo ulja. Par komadića ugljenisane slanine. veoma loše ovaj put.	0
Do sada sam uvek imao neku zamerku, sada je bilo se odlicno.Ukus odlican.	1
nisam zadovoljan	0
sve pohvale za pilece medaljone, hrana je stigla topla i veoma ukusna.. mala zamerka, dostava kasnila 10 min...	1
Dostavu rade samo u blizini restorana.	0
Odlicno, sve pohvale za kuhinju i dostavljaca :)	1
Hladno, hladno, hladno, malo, malo,  maloooooooo, za 640 dinara!	0
super pice, sendvici i tortilje	1
kasni pizza vec 15 min	0
Pica je bila odlicna a testo perfektno stvarno svaka caast. :)	1
Od kad sam prvi put narocio, nisam menjao restorana :D	1
super sve. jako puno indijskih oraha. njam	1
ispod proseka	0
Kvalitetni sastojci, lepo spremljeno, besplatna dostava...	1
Odlicni. Dostava na vreme. Hrana je jos bila vrela. Ukus, fenomenalan. Slika vise govori.	1
Piletina im je ok, ali izbegavajte vitaminsku i susam salatu. Vitaminska salata je suva, a susam salata ima vise bibera nego susama.	0
preukusno!	1
Lazanje koje su nam doneli su bile u tecnom stanju tako da su morale kasikom da se jedu.	0
nabolji  sve je odlicno ostali nek zatvore restorane D:	1
moze mnogooo bolje	0
Pica je bila ukusna.	1
totalni uzas skoro sat vremena kasne, hrana hladna a dostavljac je rekao samo pa sta cu	0
Najlosija pohovana palacinka koju sam ikada pojeo. BEZ PRETERIVANJA!	0
Nista posebno, Dostavljac vise voli da se zali nego da donese hranu	0
Stvarno odična hrana. Dostava na vreme. Priložene i slike.	1
u cemu je problem sa ovim restoranom? prihvataju narudzbine a ne dostavljaju?! ovo mi se prvi put desava na donesi.com...	0
Da ne bude da nisam rekao celu istinu... Jezivo. Ali stvarno.	0
Hrana je kasnila, a i stigla hladna kao tastino srce. Verujem da bi bila ukusnija da je vruca, zavrsila u stomaku samo iz razloga velike gladi.	0
Kao drugo, lava kolač je preliven sa toliko belanaca da se jedva vidi, potpuno bespotrebno, a i nije nekog ukusa, kupovni je bolji.	0
lose pripremljena jela, masno, bez ukusa sa neprepoznatljivim sastojcima	0
Uzela sam pastu...koliko je kisela jedva sam komadice piletine uspela da pojedem.A malo ih je bilo i toga i pecuraka.Necu ponovo narucivati iako sam na 500 m od njih.	0
Dostave pre naznacenog vremena, hrana vruca i veoma ukusna!!!!	1
Brutalno!!!	1
Odlicna hrana, svaka preporuka.	1
Dostava je kasnila, a cene su visoke u odnosu na kvalitet hrane koji je nizak.	0
obilna porcija, puno svega, taman kako treba	1
Bolju hranu dugo nisam jela! Sva hrana je stigla vruća, čorba i knedle apsolutni favoriti. Posebna pohvala za lepo upakovanu hranu i šta ste odvojili pileće štapiće kako sam zamolil.	1
Odlican rostilj,pomfrit super,brza dostava,sve preporuke	1
Previse tucane paprike, luk nije skuvan do kraja, meso nije baso vec kosti sa nesto slanine..Sve u svemu posle odlicne vase kolenice dosao je uzasan, ali uzasan pasulj..	0
Strava, preporuka	1
Super hrana, cimerka je narucila neki sejk, ja pastu i sendvic, odvalio sam se, obimne porcije:)	1
Svaki put kasnite sa isporukom, mnogo!! U buduće neću otvarati vrata ako kasnite. Toliko.	0
dobija se escajg, zacini, zemicka i supe su u posudama od stiropora koje cuvaju toplotu :) sve pohvale :D na slici je rizoto sa povrcem	1
